Day,Temperature_High,High_Time,Temperature_Low,Low_Time,Temperature_Mean,Precipitation,Snowfall
2014-10-01,83,2:18 PM,48,4:48 AM,66,0.00,0
2014-10-02,76,11:01 AM,64,1:08 AM,70,0.48,0
2014-10-03,65,12:28 AM,44,11:58 PM,55,2.67,0
2014-10-04,49,4:04 PM,37,5:53 AM,43,0.09,0
2014-10-05,63,3:06 PM,36,2:11 AM,50,0.0,0
2014-10-06,67,1:51 PM,42,12:21 AM,55,0.06,0
2014-10-07,71,2:21 PM,46,12:00 AM,59,0.07,0
2014-10-08,69,2:42 PM,43,5:53 AM,56,0.01,0
2014-10-09,61,3:44 PM,49,12:00 AM,55,0.02,0
2014-10-10,55,1:04 PM,46,11:52 PM,51,0.10,0
2014-10-11,61,2:14 PM,41,6:12 AM,51,0.0,0
2014-10-12,59,11:12 AM,39,5:43 AM,49,0.00,0
2014-10-13,71,3:05 PM,58,12:04 AM,65,0.26,0
2014-10-14,64,11:47 AM,54,11:47 PM,59,0.46,0
2014-10-15,54,12:33 AM,52,11:50 PM,53,0.06,0
2014-10-16,58,3:22 PM,49,11:57 PM,54,0.14,0
2014-10-17,63,11:28 AM,48,5:57 AM,56,0.00,0
2014-10-18,53,12:00 AM,45,6:25 AM,49,0.00,0
2014-10-19,57,3:12 PM,35,6:38 AM,46,0.00,0
2014-10-20,69,1:10 PM,46,2:14 AM,58,0.00,0
2014-10-21,60,1:41 PM,44,3:59 AM,52,0.00,0
2014-10-22,61,2:19 PM,36,6:41 AM,49,0.00,0
2014-10-23,61,3:25 PM,34,4:50 AM,48,0.00,0
2014-10-24,70,1:25 PM,45,5:40 AM,58,0.03,0
2014-10-25,77,2:47 PM,50,5:48 AM,64,0.00,0
2014-10-26,71,2:08 PM,43,5:24 AM,57,0.00,0
2014-10-27,76,11:12 AM,52,12:00 AM,64,0.00,0
2014-10-28,68,12:06 AM,42,11:58 PM,55,0.42,0
2014-10-29,50,11:17 AM,34,11:59 PM,42,0.00,0
2014-10-30,56,12:18 PM,30,6:02 AM,43,0.00,0
2014-10-31,45,3:58 AM,33,10:27 PM,39,0.09,0
2014-11-01,48,2:22 PM,28,11:52 PM,38,0.00,0.0
2014-11-02,54,2:05 PM,23,6:26 AM,39,0.00,0.0
2014-11-03,67,1:13 PM,41,12:56 AM,54,0.00,0.0
2014-11-04,55,12:16 AM,39,11:38 PM,47,0.17,0.0
2014-11-05,62,2:22 PM,38,5:45 AM,50,0.31,0.0
2014-11-06,48,4:25 AM,37,10:56 PM,43,0.01,0.0
2014-11-07,48,2:30 PM,28,6:10 AM,38,0.00,0.0
2014-11-08,48,10:40 AM,32,11:59 PM,40,0.00,0.0
2014-11-09,55,2:51 PM,28,3:38 AM,42,0.00,0.0
2014-11-10,64,1:29 PM,37,5:38 AM,51,0.00,0.0
2014-11-11,52,12:00 AM,32,8:05 PM,42,0.00,0.0
2014-11-12,33,12:00 AM,22,11:58 PM,28,0.09,0.0
2014-11-13,29,3:04 PM,19,11:28 PM,24,0.0,0.0
2014-11-14,30,2:21 PM,16,6:45 AM,23,0.0,0.0
2014-11-15,36,12:58 PM,13,6:09 AM,25,0.00,0.0
2014-11-16,33,1:26 PM,23,11:59 PM,28,0.0,0.0
2014-11-17,23,12:01 AM,11,11:51 PM,17,0.06,0.5
2014-11-18,19,10:47 AM,8,9:06 PM,14,0.0,0.2
2014-11-19,37,11:12 AM,13,2:05 AM,25,0.00,0.0
2014-11-20,33,1:38 PM,16,2:59 AM,25,0.00,0.0
2014-11-21,36,1:41 PM,9,6:36 AM,23,0.00,0.0
2014-11-22,57,12:53 PM,32,12:00 AM,45,0.12,0.0
2014-11-23,53,11:00 AM,44,6:28 AM,49,0.21,0.0
2014-11-24,52,4:50 AM,31,11:58 PM,42,1.43,0.0
2014-11-25,31,12:43 AM,21,11:58 PM,26,0.0,0.0
2014-11-26,29,6:42 PM,18,5:17 AM,24,0.00,0.0
2014-11-27,28,12:49 PM,13,11:49 PM,21,0.0,0.0
2014-11-28,39,1:52 PM,14,12:01 AM,27,0.02,0.2
2014-11-29,53,1:36 PM,31,3:14 AM,42,0,0.0
2014-11-30,64,12:36 PM,30,11:56 PM,47,0,0.0
2014-12-01,31,12:20 AM,21,9:04 PM,26,0.0,0.0
2014-12-02,32,2:00 PM,23,12:03 AM,28,0.00,0.0
2014-12-03,42,2:07 PM,27,6:57 AM,35,0.00,0.0
2014-12-04,33,11:57 PM,25,2:48 AM,29,0.00,0.0
2014-12-05,40,3:20 PM,33,12:05 AM,37,0.03,0.0
2014-12-06,39,2:13 PM,29,11:53 PM,34,0.57,0.0
2014-12-07,36,10:36 AM,26,7:14 AM,31,0.00,0.0
2014-12-08,39,3:19 PM,30,1:09 AM,35,0.0,0.0
2014-12-09,38,1:22 PM,30,3:37 AM,34,0.02,0.0
2014-12-10,35,1:08 PM,31,11:57 PM,33,0.00,0.0
2014-12-11,32,2:19 PM,23,11:23 PM,28,0.00,0.0
2014-12-12,37,11:45 PM,22,3:12 AM,30,0.00,0.0
2014-12-13,50,1:23 PM,33,2:47 AM,42,0.00,0.0
2014-12-14,47,3:16 PM,43,7:12 AM,45,0.00,0.0
2014-12-15,45,11:58 PM,42,6:54 PM,44,0.0,0.0
2014-12-16,45,12:44 AM,26,11:57 PM,36,0.02,0.0
2014-12-17,26,12:09 AM,21,8:17 AM,24,0.0,0.0
2014-12-18,28,2:13 PM,23,11:13 PM,26,0.0,0.0
2014-12-19,35,2:34 PM,20,2:50 AM,28,0.0,0.0
2014-12-20,34,1:08 PM,24,12:59 AM,29,0.00,0.0
2014-12-21,40,11:59 AM,29,11:06 PM,35,0.00,0.0
2014-12-22,46,11:56 PM,29,12:06 AM,38,0.01,0.0
2014-12-23,48,2:44 AM,40,7:37 AM,44,0.58,0.0
2014-12-24,43,12:06 AM,34,12:20 PM,39,0.27,0.0
2014-12-25,45,2:29 PM,34,11:58 PM,40,0.13,0.0
2014-12-26,54,2:06 PM,31,12:53 AM,43,0.00,0.0
2014-12-27,48,11:44 AM,30,11:48 PM,39,0.06,0.0
2014-12-28,32,3:13 PM,22,10:07 PM,27,0.12,0.0
2014-12-29,37,12:19 PM,19,3:39 AM,28,0.00,0.0
2014-12-30,26,12:00 AM,13,11:58 PM,20,0.00,0.0
2014-12-31,23,2:47 PM,7,7:15 AM,15,0.00,0.0
2015-01-01,32,2:15 PM,15,12:44 AM,24,0.00,0.0
2015-01-02,39,1:55 PM,21,5:34 AM,30,0.00,0.0
2015-01-03,40,2:11 PM,32,12:25 AM,36,0.37,0.0
2015-01-04,34,12:00 AM,8,11:58 PM,21,0.31,0.0
2015-01-05,13,11:13 PM,1,7:14 AM,7,0.02,0.2
2015-01-06,13,6:05 AM,8,6:24 AM,11,0.21,3.1
2015-01-07,12,12:00 AM,-7,11:58 PM,3,0.01,0.0
2015-01-08,24,10:28 PM,-8,3:49 AM,8,0.00,0.0
2015-01-09,16,12:00 AM,0,11:37 PM,8,0.0,0.0
2015-01-10,23,3:00 PM,-7,6:24 AM,8,0.00,0.0
2015-01-11,32,1:57 PM,23,12:00 AM,28,0.00,0.0
2015-01-12,32,3:42 AM,11,11:57 PM,22,0.34,0.7
2015-01-13,16,2:05 PM,5,11:54 PM,11,0.00,0.0
2015-01-14,19,7:45 PM,-1,4:29 AM,9,0.00,0.0
2015-01-15,37,3:54 PM,9,1:15 AM,23,0.00,0.0
2015-01-16,38,1:42 PM,21,7:16 AM,30,0.00,0.0
2015-01-17,47,2:17 PM,30,3:40 AM,39,0.00,0.0
2015-01-18,44,1:44 PM,26,11:49 PM,35,0.00,0.0
2015-01-19,44,1:37 PM,24,7:05 AM,34,0.00,0.0
2015-01-20,44,12:59 PM,29,6:56 AM,37,0.0,0.0
2015-01-21,37,9:34 AM,28,5:54 AM,33,0.00,0.0
2015-01-22,37,11:06 AM,31,7:50 AM,34,0.0,0.0
2015-01-23,32,2:37 PM,24,9:43 PM,28,0.00,0.0
2015-01-24,46,3:13 PM,25,2:26 AM,36,0.00,0.0
2015-01-25,37,12:34 PM,27,11:40 PM,32,0.02,0.0
2015-01-26,29,10:12 PM,23,7:19 AM,26,0.11,0.0
2015-01-27,31,4:13 AM,19,11:59 PM,25,0.04,0.4
2015-01-28,37,3:18 PM,18,3:32 AM,28,0.00,0.0
2015-01-29,41,6:03 AM,33,10:59 PM,37,0.00,0.0
2015-01-30,33,1:23 PM,22,11:21 PM,28,0.0,0.0
2015-01-31,39,12:43 PM,22,12:13 AM,31,0.00,0.0
2015-02-01,33,2:13 PM,16,11:59 PM,25,0.46,2.0
2015-02-02,18,3:16 PM,10,4:59 AM,14,0.22,1.8
2015-02-03,36,3:12 PM,15,3:01 AM,26,0.0,0.0
2015-02-04,34,1:20 AM,9,11:54 PM,22,0.00,0.0
2015-02-05,17,12:47 PM,2,7:24 AM,10,0.04,1.1
2015-02-06,35,3:58 PM,13,1:54 AM,24,0.00,0.0
2015-02-07,50,2:40 PM,27,12:04 AM,39,0.00,0.0
2015-02-08,55,1:49 PM,32,11:58 PM,44,0.00,0.0
2015-02-09,32,12:01 AM,26,10:58 AM,29,0.0,0.0
2015-02-10,37,3:18 PM,26,6:48 AM,32,0.0,0.0
2015-02-11,36,11:14 AM,21,11:59 PM,29,0.00,0.0
2015-02-12,21,12:01 AM,10,10:48 PM,16,0.0,0.0
2015-02-13,29,9:37 PM,6,4:47 AM,18,0.00,0.0
2015-02-14,28,6:51 AM,4,11:50 PM,16,0.00,0.0
2015-02-15,19,1:42 PM,2,4:13 AM,11,0.00,0.0
2015-02-16,21,3:18 PM,8,11:54 PM,15,0.0,0.0
2015-02-17,30,1:48 PM,7,12:51 AM,19,0.0,0.0
2015-02-18,17,12:01 AM,1,11:51 PM,9,0.03,0.8
2015-02-19,10,2:32 PM,-4,6:48 AM,3,0.0,0.0
2015-02-20,19,2:12 PM,-3,2:21 AM,8,0.00,0.0
2015-02-21,32,2:40 PM,17,12:00 AM,25,0.39,5.6
2015-02-22,29,1:10 AM,6,11:59 PM,18,0.0,0.0
2015-02-23,17,2:54 PM,-5,11:34 PM,6,0.00,0.0
2015-02-24,29,5:30 PM,-16,6:17 AM,7,0.00,0.0
2015-02-25,32,2:26 PM,11,5:50 AM,22,0.00,0.0
2015-02-26,23,12:00 AM,10,11:46 PM,17,0.09,1.1
2015-02-27,17,3:56 PM,-3,6:37 AM,7,0.0,0.0
2015-02-28,24,3:49 PM,4,2:00 AM,14,0.00,0.0
2015-03-01,28,2:48 PM,17,11:22 PM,23,0.64,8.3
2015-03-02,29,1:22 PM,14,5:45 AM,22,0.02,0.1
2015-03-03,37,4:33 PM,24,12:17 AM,31,0.04,0.0
2015-03-04,33,12:00 AM,15,11:59 PM,24,0.00,0.0
2015-03-05,16,12:15 PM,-4,11:58 PM,6,0.00,0.0
2015-03-06,27,3:05 PM,-9,4:18 AM,9,0.00,0.0
2015-03-07,41,4:17 PM,23,12:00 AM,32,0.00,0.0
2015-03-08,44,4:19 PM,23,5:50 AM,34,0.00,0.0
2015-03-09,45,11:57 AM,30,4:41 AM,38,0.00,0.0
2015-03-10,52,3:58 PM,33,9:36 PM,43,0.06,0.0
2015-03-11,64,2:03 PM,32,5:10 AM,48,0.03,0.0
2015-03-12,60,2:39 PM,33,5:43 AM,47,0.00,0.0
2015-03-13,48,1:17 PM,39,7:17 AM,44,0.11,0.0
2015-03-14,59,12:36 PM,41,11:57 PM,50,0.03,0.0
2015-03-15,65,2:09 PM,33,5:49 AM,49,0.00,0.0
2015-03-16,74,2:38 PM,42,6:13 AM,58,0.00,0.0
2015-03-17,54,12:00 AM,33,11:56 PM,44,0.00,0.0
2015-03-18,45,3:04 PM,28,5:45 AM,37,0.00,0.0
2015-03-19,52,11:26 AM,37,4:56 AM,45,0.00,0.0
2015-03-20,48,2:23 PM,36,11:59 PM,42,0.11,0.0
2015-03-21,61,2:29 PM,32,2:01 AM,47,0.00,0.0
2015-03-22,53,1:11 PM,33,11:59 PM,43,0.00,0.0
2015-03-23,37,8:14 AM,29,11:45 PM,33,0.00,0.0
2015-03-24,44,6:06 AM,26,5:49 AM,35,0.03,0.0
2015-03-25,48,2:19 PM,40,12:00 AM,44,0.22,0.0
2015-03-26,49,3:18 PM,33,11:53 PM,41,0.37,0.0
2015-03-27,36,2:21 PM,22,11:56 PM,29,0.00,0.0
2015-03-28,40,4:09 PM,17,4:55 AM,29,0.0,0.0
2015-03-29,49,4:42 PM,23,1:51 AM,36,0.00,0.0
2015-03-30,65,2:54 PM,34,3:21 AM,50,0.04,0.0
2015-03-31,65,2:07 PM,41,11:49 PM,53,0.00,0.0
2015-04-01,72,1:37 PM,37,5:16 AM,55,0.00,0.0
2015-04-02,72,11:39 AM,50,12:09 AM,61,0.0,0.0
2015-04-03,56,10:22 AM,36,11:59 AM,46,0.02,0.0
2015-04-04,59,2:55 PM,28,5:50 AM,44,0.00,0.0
2015-04-05,66,2:49 PM,36,3:49 AM,51,0.00,0.0
2015-04-06,62,2:47 PM,47,2:29 AM,55,0.0,0.0
2015-04-07,65,5:10 PM,55,1:52 AM,60,0.06,0.0
2015-04-08,75,11:14 AM,55,5:09 AM,65,0.48,0.0
2015-04-09,77,2:30 PM,51,11:59 PM,64,1.25,0.0
2015-04-10,67,2:53 PM,41,4:38 AM,54,0.32,0.0
2015-04-11,62,3:21 PM,35,5:22 AM,49,0.00,0.0
2015-04-12,66,3:34 PM,40,2:57 AM,53,0.00,0.0
2015-04-13,69,1:38 PM,54,11:53 PM,62,0.05,0.0
2015-04-14,66,3:42 PM,51,9:14 PM,59,0.01,0.0
2015-04-15,71,2:33 PM,47,5:15 AM,59,0.00,0.0
2015-04-16,70,4:04 PM,52,11:48 PM,61,0.08,0.0
2015-04-17,76,3:39 PM,48,2:12 AM,62,0.00,0.0
2015-04-18,79,1:06 PM,53,5:29 AM,66,0.00,0.0
2015-04-19,60,8:36 AM,54,9:19 PM,57,0.00,0.0
2015-04-20,56,1:18 AM,41,10:22 PM,49,0.51,0.0
2015-04-21,62,3:18 PM,36,5:19 AM,49,0.01,0.0
2015-04-22,53,4:10 PM,35,5:16 AM,44,0.12,0.0
2015-04-23,58,4:14 PM,31,3:38 PM,45,0.00,0.0
2015-04-24,61,1:26 PM,32,4:29 AM,47,0.00,0.0
2015-04-25,52,12:59 AM,43,11:59 PM,48,0.04,0.0
2015-04-26,58,2:38 PM,38,5:25 AM,48,0.62,0.0
2015-04-27,60,3:16 PM,40,5:23 AM,50,0.00,0.0
2015-04-28,66,3:14 PM,39,4:10 AM,53,0.00,0.0
2015-04-29,70,2:24 PM,41,5:13 AM,56,0.00,0.0
2015-04-30,56,11:50 AM,40,11:45 PM,48,0.05,0.0
2015-05-01,70,2:46 PM,40,5:09 AM,55,0.00,0.0
2015-05-02,76,2:34 PM,49,5:21 AM,63,0.00,0.0
2015-05-03,81,2:20 PM,54,5:32 AM,68,0.00,0.0
2015-05-04,80,1:01 PM,58,6:07 AM,69,0.21,0.0
2015-05-05,84,1:06 PM,60,3:34 AM,72,0.00,0.0
2015-05-06,85,1:55 PM,59,1:18 AM,72,0.00,0.0
2015-05-07,85,1:50 PM,58,4:28 AM,72,0.00,0.0
2015-05-08,83,12:04 PM,63,12:01 AM,73,0.10,0.0
2015-05-09,76,12:46 PM,62,5:34 AM,69,0.23,0.0
2015-05-10,80,4:21 PM,62,11:52 PM,71,0.65,0.0
2015-05-11,72,2:55 PM,52,11:47 PM,62,0.50,0.0
2015-05-12,63,4:11 PM,47,3:23 AM,55,0.25,0.0
2015-05-13,66,3:12 PM,43,5:10 AM,55,0.00,0.0
2015-05-14,71,1:45 PM,47,2:53 AM,59,0.00,0.0
2015-05-15,83,2:15 PM,59,5:13 AM,71,0.39,0.0
2015-05-16,79,1:14 PM,64,4:44 AM,72,0.15,0.0
2015-05-17,82,1:59 PM,64,12:29 AM,73,0.26,0.0
2015-05-18,82,1:50 PM,52,11:59 PM,67,0.0,0.0
2015-05-19,62,2:49 PM,43,4:45 AM,53,0.00,0.0
2015-05-20,51,10:04 AM,44,7:48 PM,48,0.00,0.0
2015-05-21,66,2:58 PM,44,2:24 AM,55,0.09,0.0
2015-05-22,77,4:24 PM,48,4:08 AM,63,0.00,0.0
2015-05-23,80,2:31 PM,56,4:33 AM,68,0.00,0.0
2015-05-24,84,1:29 PM,62,2:47 AM,73,0.00,0.0
2015-05-25,82,3:50 PM,66,11:59 PM,74,0.02,0.0
2015-05-26,78,1:42 PM,65,12:55 AM,72,0.01,0.0
2015-05-27,80,3:30 PM,61,11:53 PM,71,0.19,0.0
2015-05-28,86,3:33 PM,55,4:18 AM,71,0.00,0.0
2015-05-29,85,1:12 PM,65,4:20 AM,75,0.00,0.0
2015-05-30,76,11:38 AM,49,11:51 PM,63,0.20,0.0
2015-05-31,56,4:06 PM,48,6:07 AM,52,2.82,0.0
2015-06-01,68,2:20 PM,52,3:43 AM,60,0.01,0.0
2015-06-02,73,3:13 PM,51,4:30 AM,62,0.00,0.0
2015-06-03,77,3:54 PM,52,4:56 AM,65,0.00,0.0
2015-06-04,82,4:01 PM,55,4:02 AM,69,0.00,0.0
2015-06-05,85,12:53 PM,56,11:42 PM,71,0.00,0.0
2015-06-06,79,2:57 PM,55,4:26 AM,67,0.00,0.0
2015-06-07,89,3:10 PM,61,3:15 AM,75,0.00,0.0
2015-06-08,82,4:05 PM,64,3:20 AM,73,2.44,0.0
2015-06-09,86,2:54 PM,63,4:20 AM,75,0.01,0.0
2015-06-10,90,3:03 PM,68,4:25 AM,79,0.00,0.0
2015-06-11,89,12:46 PM,68,4:47 AM,79,0.00,0.0
2015-06-12,87,1:10 PM,68,4:31 AM,78,0.20,0.0
2015-06-13,87,11:41 AM,68,12:54 AM,78,1.08,0.0
2015-06-14,84,11:34 AM,71,4:36 AM,78,0.31,0.0
2015-06-15,88,2:15 PM,70,11:07 PM,79,0.03,0.0
2015-06-16,81,4:16 PM,65,11:59 PM,73,0.41,0.0
2015-06-17,77,1:24 PM,63,3:04 AM,70,0.01,0.0
2015-06-18,84,11:02 AM,66,12:24 PM,75,0.06,0.0
2015-06-19,74,1:54 PM,63,7:15 AM,69,0.34,0.0
2015-06-20,82,3:27 PM,67,6:13 AM,75,0.11,0.0
2015-06-21,83,12:26 PM,67,5:01 AM,75,0.28,0.0
2015-06-22,87,2:15 PM,70,4:22 AM,79,0.00,0.0
2015-06-23,81,2:36 PM,65,11:57 PM,73,0.00,0.0
2015-06-24,75,5:21 PM,63,4:15 AM,69,0.00,0.0
2015-06-25,82,1:50 PM,65,2:14 AM,74,2.70,0.0
2015-06-26,71,2:52 AM,64,11:34 PM,68,0.01,0.0
2015-06-27,76,3:23 AM,58,11:59 PM,67,0.96,0.0
2015-06-28,77,11:28 AM,56,2:59 AM,67,0.00,0.0
2015-06-29,79,2:55 PM,63,2:13 AM,71,0.18,0.0
2015-06-30,82,2:45 PM,64,4:02 AM,73,0.02,0.0
2015-07-01,76,2:46 PM,61,11:59 PM,69,0.00,0.0
2015-07-02,76,1:45 PM,58,4:45 AM,67,0.01,0.0
2015-07-03,76,3:02 PM,62,11:59 PM,69,0.00,0.0
2015-07-04,80,4:49 PM,58,4:06 AM,69,0.00,0.0
2015-07-05,83,2:25 PM,59,4:32 AM,71,0.00,0.0
2015-07-06,88,2:12 PM,62,4:18 AM,75,0.00,0.0
2015-07-07,75,12:02 AM,56,11:56 PM,66,1.43,0.0
2015-07-08,71,11:34 PM,56,6:12 AM,64,0.10,0.0
2015-07-09,67,5:06 PM,60,4:32 AM,64,1.02,0.0
2015-07-10,78,3:25 PM,62,3:06 AM,70,0.02,0.0
2015-07-11,81,1:14 PM,61,4:24 AM,71,0.03,0.0
2015-07-12,86,3:58 PM,70,2:30 AM,78,0.22,0.0
2015-07-13,91,3:10 PM,71,4:47 AM,81,0.00,0.0
2015-07-14,87,2:10 PM,64,11:59 PM,76,0.00,0.0
2015-07-15,80,3:47 PM,60,4:49 AM,70,0.00,0.0
2015-07-16,83,2:40 PM,65,4:25 AM,74,0.00,0.0
2015-07-17,90,2:33 PM,72,11:57 PM,81,0.01,0.0
2015-07-18,91,11:35 AM,70,1:01 AM,81,0.00,0.0
2015-07-19,85,4:09 PM,70,11:59 PM,78,0.01,0.0
2015-07-20,85,2:25 PM,68,11:31 PM,77,0.02,0.0
2015-07-21,82,2:05 PM,64,11:51 PM,73,0.36,0.0
2015-07-22,82,3:10 PM,59,5:06 AM,71,0.00,0.0
2015-07-23,83,3:17 PM,62,5:01 AM,73,0.00,0.0
2015-07-24,84,3:04 PM,62,4:00 AM,73,0.00,0.0
2015-07-25,87,4:04 PM,65,4:10 AM,76,0.00,0.0
2015-07-26,84,2:56 PM,70,11:58 PM,77,0.09,0.0
2015-07-27,86,3:09 PM,68,3:36 AM,77,0.00,0.0
2015-07-28,92,1:38 PM,71,4:48 AM,82,0.00,0.0
2015-07-29,87,12:46 PM,68,11:56 PM,78,0.90,0.0
2015-07-30,86,2:54 PM,63,4:30 AM,75,0.00,0.0
2015-07-31,88,1:24 PM,66,5:21 AM,77,0.00,0.0
2015-08-01,84,1:34 PM,63,5:30 AM,74,0.00,0.0
2015-08-02,90,4:08 PM,65,4:12 AM,78,0.00,0.0
2015-08-03,85,1:44 PM,65,11:56 PM,75,0.00,0.0
2015-08-04,81,1:25 PM,58,4:18 AM,70,0.00,0.0
2015-08-05,83,3:36 PM,62,4:38 AM,73,0.00,0.0
2015-08-06,82,2:03 PM,62,11:58 PM,72,0.13,0.0
2015-08-07,83,4:05 PM,58,4:29 AM,71,0.00,0.0
2015-08-08,86,1:13 PM,63,4:26 AM,75,0.00,0.0
2015-08-09,83,3:28 PM,70,2:03 AM,77,0.09,0.0
2015-08-10,84,3:50 PM,70,11:57 PM,77,1.04,0.0
2015-08-11,83,2:41 PM,64,11:59 PM,74,0.00,0.0
2015-08-12,82,1:27 PM,60,4:55 AM,71,0.00,0.0
2015-08-13,84,2:36 PM,60,5:13 AM,72,0.00,0.0
2015-08-14,87,1:07 PM,65,5:49 AM,76,0.00,0.0
2015-08-15,90,3:40 PM,67,4:34 AM,79,0.00,0.0
2015-08-16,89,3:22 PM,67,4:43 AM,78,0.00,0.0
2015-08-17,88,1:03 PM,65,5:00 AM,77,0.00,0.0
2015-08-18,86,2:14 PM,67,5:19 AM,77,0.57,0.0
2015-08-19,78,12:52 PM,58,11:53 PM,68,1.28,0.0
2015-08-20,77,2:17 PM,54,5:21 AM,66,0.01,0.0
2015-08-21,82,3:32 PM,53,5:39 AM,68,0.00,0.0
2015-08-22,80,2:54 PM,56,5:10 AM,68,0.00,0.0
2015-08-23,77,3:03 PM,58,11:58 PM,68,0.00,0.0
2015-08-24,76,3:09 PM,53,5:34 AM,65,0.00,0.0
2015-08-25,74,2:23 PM,52,5:27 AM,63,0.00,0.0
2015-08-26,71,11:35 AM,57,11:59 PM,64,0.00,0.0
2015-08-27,78,2:06 PM,53,4:37 AM,66,0.00,0.0
2015-08-28,80,12:40 PM,57,4:47 AM,69,0.00,0.0
2015-08-29,81,11:41 AM,63,12:45 AM,72,0.02,0.0
2015-08-30,86,2:32 PM,63,5:56 AM,75,0.02,0.0
2015-08-31,88,3:37 PM,65,5:30 AM,77,0.00,0.0
2015-09-01,87,2:11 PM,67,3:33 AM,77,0.18,0.0
2015-09-02,91,2:31 PM,68,4:42 AM,80,0.48,0.0
2015-09-03,92,3:06 PM,67,5:31 AM,80,0.02,0.0
2015-09-04,93,2:46 PM,67,4:51 AM,80,0.00,0.0
2015-09-05,90,3:01 PM,66,2:02 AM,78,1.18,0.0
2015-09-06,94,2:10 PM,67,5:33 AM,81,0.00,0.0
2015-09-07,93,1:25 PM,67,4:35 AM,80,0.00,0.0
2015-09-08,89,11:30 AM,68,6:04 PM,79,0.00,0.0
2015-09-09,79,2:17 PM,64,11:59 PM,72,1.07,0.0
2015-09-10,84,2:04 PM,58,5:29 AM,71,0.00,0.0
2015-09-11,71,1:04 PM,55,11:36 PM,63,0.44,0.0
2015-09-12,65,2:18 PM,49,11:57 PM,57,0.07,0.0
2015-09-13,72,3:48 PM,46,5:21 AM,59,0.0,0.0
2015-09-14,81,2:13 PM,47,5:32 AM,64,0.00,0.0
2015-09-15,83,2:18 PM,54,6:01 AM,69,0.00,0.0
2015-09-16,84,1:30 PM,52,5:55 AM,68,0.00,0.0
2015-09-17,85,12:57 PM,56,5:49 AM,71,0.00,0.0
2015-09-18,82,11:52 AM,68,8:49 AM,75,1.56,0.0
2015-09-19,71,1:36 PM,52,11:58 PM,62,1.41,0.0
2015-09-20,73,1:53 PM,48,5:44 AM,61,0.00,0.0
2015-09-21,77,2:56 PM,50,3:56 AM,64,0.00,0.0
2015-09-22,81,2:49 PM,50,5:28 AM,66,0.00,0.0
2015-09-23,85,2:47 PM,55,3:49 AM,70,0.00,0.0
2015-09-24,83,2:07 PM,56,5:59 AM,70,0.00,0.0
2015-09-25,83,1:08 PM,56,6:23 AM,70,0.00,0.0
2015-09-26,80,1:24 PM,58,5:09 AM,69,0.00,0.0
2015-09-27,77,1:57 PM,60,1:16 AM,69,0.00,0.0
2015-09-28,81,2:55 PM,61,6:13 AM,71,0.03,0.0
2015-09-29,72,11:42 AM,58,11:55 PM,65,0.00,0.0
2015-09-30,69,2:44 PM,50,11:57 PM,60,0.00,0.0
2015-10-01,66,1:09 PM,45,6:27 AM,56,0.00,0.0
2015-10-02,66,1:53 PM,45,6:01 AM,56,0.00,0.0
2015-10-03,59,11:56 AM,47,11:48 PM,53,0.00,0.0
2015-10-04,70,2:29 PM,47,12:16 AM,59,0.0,0.0
2015-10-05,72,2:56 PM,52,2:29 AM,62,0.00,0.0
2015-10-06,74,2:26 PM,54,5:12 AM,64,0.00,0.0
2015-10-07,80,3:06 PM,50,4:37 AM,65,0.00,0.0
2015-10-08,79,1:02 PM,53,6:08 AM,66,0.00,0.0
2015-10-09,64,1:09 PM,48,11:59 PM,56,0.03,0.0
2015-10-10,70,3:42 PM,43,6:15 AM,57,0.00,0.0
2015-10-11,79,2:10 PM,43,6:24 AM,61,0.00,0.0
2015-10-12,77,12:22 PM,54,1:35 AM,66,0.00,0.0
2015-10-13,67,2:20 PM,47,11:34 PM,57,0.00,0.0
2015-10-14,68,2:28 PM,43,3:59 AM,56,0.00,0.0
2015-10-15,74,1:26 PM,37,5:48 AM,56,0.00,0.0
2015-10-16,60,1:37 PM,39,6:24 AM,50,0.00,0.0
2015-10-17,53,1:24 PM,31,11:53 PM,42,0.00,0.0
2015-10-18,62,3:53 PM,31,12:45 AM,47,0.00,0.0
2015-10-19,71,2:34 PM,36,1:38 AM,54,0.00,0.0
2015-10-20,78,1:38 PM,50,5:57 AM,64,0.00,0.0
2015-10-21,81,1:16 PM,53,2:28 AM,67,0.00,0.0
2015-10-22,78,1:25 PM,54,11:58 PM,66,0.00,0.0
2015-10-23,71,3:38 PM,51,4:11 AM,61,0.00,0.0
2015-10-24,71,10:41 AM,51,11:43 PM,61,0.01,0.0
2015-10-25,64,1:31 PM,45,6:50 AM,55,0.00,0.0
2015-10-26,67,2:21 PM,42,6:04 AM,55,0.00,0.0
2015-10-27,55,3:35 PM,46,5:11 AM,51,0.30,0.0
2015-10-28,57,8:13 AM,38,10:58 PM,48,0.83,0.0
2015-10-29,45,2:17 PM,34,6:47 AM,40,0.02,0.0
2015-10-30,56,1:26 PM,39,5:36 AM,48,0.0,0.0
2015-10-31,56,3:33 PM,44,4:12 AM,50,0.05,0.0
2015-11-01,69,3:10 PM,43,5:59 AM,56,0.28,0.0
2015-11-02,72,1:54 PM,40,6:37 AM,56,0.00,0.0
2015-11-03,65,3:01 PM,43,6:10 AM,54,0.00,0.0
2015-11-04,73,1:32 PM,45,4:05 AM,59,0.00,0.0
2015-11-05,71,11:22 AM,55,1:35 AM,63,0.00,0.0
2015-11-06,64,3:24 AM,41,11:40 PM,53,0.13,0.0
2015-11-07,56,1:12 PM,36,6:48 AM,46,0.00,0.0
2015-11-08,55,2:38 PM,31,6:37 AM,43,0.00,0.0
2015-11-09,57,3:21 PM,35,6:50 AM,46,0.00,0.0
2015-11-10,58,2:54 PM,31,6:09 AM,45,0.00,0.0
2015-11-11,64,1:29 PM,36,3:52 AM,50,0.00,0.0
2015-11-12,58,12:11 AM,42,11:39 PM,50,0.11,0.0
2015-11-13,51,2:41 PM,29,11:54 PM,40,0.00,0.0
2015-11-14,64,2:28 PM,23,5:51 AM,44,0.00,0.0
2015-11-15,67,1:24 PM,32,7:08 AM,50,0.00,0.0
2015-11-16,50,10:51 AM,40,12:53 AM,45,0.00,0.0
2015-11-17,61,9:47 PM,48,12:00 AM,55,0.91,0.0
2015-11-18,61,7:19 AM,43,11:50 AM,52,1.01,0.0
2015-11-19,48,1:58 PM,31,11:12 PM,40,0.01,0.0
2015-11-20,49,12:56 PM,27,6:46 AM,38,0.00,0.0
2015-11-21,42,1:20 AM,18,11:57 PM,30,0.38,0.8
2015-11-22,28,2:34 PM,13,6:25 AM,21,0.27,1.0
2015-11-23,44,3:25 PM,25,4:06 AM,35,0.00,0.0
2015-11-24,52,1:54 PM,27,4:41 AM,40,0.00,0.0
2015-11-25,55,1:25 PM,32,6:17 AM,44,0.00,0.0
2015-11-26,65,1:22 PM,50,12:01 AM,58,0.05,0.0
2015-11-27,58,2:41 AM,39,11:49 PM,49,0.74,0.0
2015-11-28,40,2:42 PM,36,11:56 PM,38,0.46,0.0
2015-11-29,40,1:11 PM,34,7:33 AM,37,0.01,0.0
2015-11-30,45,11:53 AM,35,4:30 AM,40,0.05,0.0
2015-12-01,46,2:25 PM,32,8:02 PM,39,0.20,0.0
2015-12-02,37,11:56 AM,30,11:59 PM,34,0.01,0.0
2015-12-03,34,12:21 PM,26,6:29 AM,30,0.02,0.0
2015-12-04,40,2:02 PM,29,6:34 AM,35,0.00,0.0
2015-12-05,38,3:01 PM,27,7:14 AM,33,0.00,0.0
2015-12-06,50,1:41 PM,27,2:54 PM,39,0.00,0.0
2015-12-07,40,8:08 PM,30,7:06 AM,35,0.07,0.0
2015-12-08,52,3:33 PM,38,12:29 AM,45,0.00,0.0
2015-12-09,54,3:08 PM,36,11:54 PM,45,0.00,0.0
2015-12-10,57,12:46 PM,36,12:55 AM,47,0.00,0.0
2015-12-11,57,10:55 PM,34,7:08 AM,46,0.00,0.0
2015-12-12,66,1:04 PM,54,1:37 AM,60,0.00,0.0
2015-12-13,61,10:24 PM,57,4:55 AM,59,0.0,0.0
2015-12-14,62,1:22 AM,40,11:53 PM,51,0.70,0.0
2015-12-15,41,9:47 PM,37,11:59 PM,39,0.07,0.0
2015-12-16,58,2:42 PM,33,10:43 PM,46,0.0,0.0
2015-12-17,35,12:00 AM,28,11:57 PM,32,0.00,0.0
2015-12-18,35,2:57 PM,24,5:25 AM,30,0.00,0.0
2015-12-19,35,2:51 PM,18,7:13 AM,27,0.00,0.0
2015-12-20,49,1:41 PM,24,1:28 AM,37,0.00,0.0
2015-12-21,59,2:58 PM,40,1:58 AM,50,1.02,0.0
2015-12-22,46,11:25 PM,35,8:25 AM,41,0.02,0.0
2015-12-23,61,10:34 AM,41,11:56 PM,51,0.0,0.0
2015-12-24,47,1:36 PM,31,6:49 AM,39,0.53,0.0
2015-12-25,48,12:00 AM,37,8:21 AM,43,0.00,0.0
2015-12-26,53,7:25 PM,37,12:00 AM,45,0.00,0.0
2015-12-27,47,12:02 AM,36,11:59 PM,42,2.72,0.0
2015-12-28,46,8:23 PM,33,4:54 AM,40,0.84,0.0
2015-12-29,39,12:00 AM,29,11:56 PM,34,1.27,0.0
2015-12-30,31,11:34 AM,28,11:25 PM,30,0.0,0.0
2015-12-31,30,10:54 AM,24,8:32 PM,27,0.0,0.0
2016-01-01,30,9:25 PM,22,7:08 AM,26,0.0,0.0
2016-01-02,37,2:45 PM,24,6:58 AM,31,0.00,0.0
2016-01-03,32,12:25 PM,23,7:14 AM,28,0.00,0.0
2016-01-04,34,12:52 PM,22,7:15 AM,28,0.00,0.0
2016-01-05,37,1:54 PM,18,6:36 AM,28,0.00,0.0
2016-01-06,41,1:41 PM,21,5:59 AM,31,0.00,0.0
2016-01-07,49,1:21 PM,32,6:47 AM,41,0.0,0.0
2016-01-08,46,11:33 AM,38,12:48 AM,42,0.11,0.0
2016-01-09,43,12:15 AM,22,11:59 PM,33,0.04,0.0
2016-01-10,22,12:00 AM,8,8:25 PM,15,0.38,0.0
2016-01-11,31,11:34 PM,8,1:13 AM,20,0.0,0.0
2016-01-12,31,12:00 AM,7,11:52 PM,19,0.01,0.2
2016-01-13,31,3:48 PM,5,5:00 AM,18,0.0,0.0
2016-01-14,53,2:03 PM,23,4:49 AM,38,0.00,0.0
2016-01-15,43,10:29 AM,28,10:44 PM,36,0.00,0.0
2016-01-16,31,12:28 PM,22,11:58 PM,27,0.12,0.0
2016-01-17,22,12:00 AM,1,11:58 PM,12,0.02,0.6
2016-01-18,9,3:36 PM,-2,6:46 AM,4,0.00,0.0
2016-01-19,18,3:06 PM,3,4:00 AM,11,0.00,0.0
2016-01-20,21,12:11 PM,7,8:34 PM,14,0.23,3.2
2016-01-21,26,2:45 PM,7,6:41 AM,17,0.00,0.0
2016-01-22,28,3:36 PM,18,12:04 AM,23,0.00,0.0
2016-01-23,31,1:34 PM,8,11:44 PM,20,0.0,0.0
2016-01-24,37,2:16 PM,7,1:48 AM,22,0.0,0.0
2016-01-25,43,9:21 PM,24,5:41 AM,34,0.00,0.0
2016-01-26,33,12:00 AM,28,4:50 PM,31,0.00,0.0
2016-01-27,35,1:43 PM,26,7:03 AM,31,0.0,0.0
2016-01-28,46,1:28 PM,29,5:59 AM,38,0.00,0.0
2016-01-29,40,2:58 PM,28,8:19 AM,34,0.00,0.0
2016-01-30,54,1:28 PM,33,7:06 AM,44,0.00,0.0
2016-01-31,61,12:24 PM,35,11:52 PM,48,0.00,0.0
2016-02-01,50,1:56 PM,34,11:16 PM,42,0.00,0.0
2016-02-02,57,7:02 PM,32,3:54 AM,45,0.0,0.0
2016-02-03,48,12:00 AM,27,11:59 PM,38,0.41,0.0
2016-02-04,33,2:53 PM,21,7:44 AM,27,0.0,0.0
2016-02-05,32,2:54 PM,23,11:59 PM,28,0.00,0.0
2016-02-06,48,2:30 PM,21,4:42 AM,35,0.00,0.0
2016-02-07,50,12:52 PM,33,1:27 AM,42,0.00,0.0
2016-02-08,35,12:00 AM,18,11:56 PM,27,0.02,0.1
2016-02-09,18,12:08 AM,13,11:59 PM,16,0.01,0.5
2016-02-10,20,2:50 PM,7,6:58 AM,14,0.01,0.5
2016-02-11,24,3:24 PM,11,6:45 AM,18,0.00,0.0
2016-02-12,27,3:55 PM,12,11:57 PM,20,0.0,0.1
2016-02-13,20,3:42 PM,5,6:47 AM,13,0.0,0.0
2016-02-14,20,11:58 PM,14,5:28 AM,17,0.01,0.4
2016-02-15,30,2:21 PM,20,12:00 AM,25,0.09,1.4
2016-02-16,38,3:27 PM,18,5:39 AM,28,0.00,0.0
2016-02-17,35,12:46 PM,27,7:00 AM,31,0.0,0.0
2016-02-18,46,2:39 PM,27,3:06 AM,37,0.00,0.0
2016-02-19,65,2:33 PM,38,12:03 AM,52,0.00,0.0
2016-02-20,71,3:04 PM,36,2:45 AM,54,0.00,0.0
2016-02-21,52,12:46 PM,34,11:57 PM,43,0.00,0.0
2016-02-22,47,3:31 PM,31,6:41 AM,39,0.00,0.0
2016-02-23,49,1:47 PM,29,6:37 AM,39,0.00,0.0
2016-02-24,36,12:00 AM,31,10:02 AM,34,0.09,0.1
2016-02-25,37,4:12 PM,31,3:40 AM,34,0.55,3.7
2016-02-26,35,11:56 AM,26,11:38 PM,31,0.0,0.0
2016-02-27,53,3:23 PM,23,6:20 AM,38,0.00,0.0
2016-02-28,67,1:52 PM,39,11:57 PM,53,0.00,0.0
2016-02-29,58,2:44 PM,29,6:24 AM,44,0.03,0.0
2016-03-01,49,10:23 AM,25,11:50 PM,37,0.0,0.0
2016-03-02,39,4:23 PM,18,6:57 AM,29,0.0,0.0
2016-03-03,40,3:32 PM,31,11:35 PM,36,0.02,0.0
2016-03-04,42,2:36 PM,27,6:42 AM,35,0.21,0.0
2016-03-05,45,12:48 PM,34,2:59 AM,40,0.00,0.0
2016-03-06,55,3:37 PM,28,6:27 AM,42,0.00,0.0
2016-03-07,65,3:09 PM,43,4:07 AM,54,0.07,0.0
2016-03-08,71,2:17 PM,52,6:25 AM,62,0.04,0.0
2016-03-09,67,12:42 PM,55,12:08 AM,61,0.00,0.0
2016-03-10,56,12:48 AM,43,11:33 PM,50,0.17,0.0
2016-03-11,58,3:26 PM,38,6:34 AM,48,0.02,0.0
2016-03-12,58,2:08 PM,44,3:28 AM,51,0.00,0.0
2016-03-13,64,2:29 PM,52,1:36 AM,58,0.48,0.0
2016-03-14,58,2:10 PM,45,11:43 PM,52,0.43,0.0
2016-03-15,73,1:58 PM,45,12:34 AM,59,0.0,0.0
2016-03-16,62,1:14 PM,43,11:59 PM,53,0.00,0.0
2016-03-17,62,1:50 PM,36,6:01 AM,49,0.00,0.0
2016-03-18,51,2:20 PM,36,5:54 AM,44,0.00,0.0
2016-03-19,48,11:24 AM,35,6:07 AM,42,0.00,0.0
2016-03-20,45,1:26 PM,34,6:13 AM,40,0.01,0.0
2016-03-21,53,4:16 PM,29,5:48 AM,41,0.00,0.0
2016-03-22,67,2:37 PM,37,1:33 AM,52,0.00,0.0
2016-03-23,67,11:41 AM,53,5:16 AM,60,0.00,0.0
2016-03-24,62,10:30 AM,31,11:30 PM,47,0.22,0.0
2016-03-25,47,4:30 PM,30,5:45 AM,39,0.14,0.0
2016-03-26,62,2:54 PM,31,2:43 AM,47,0.00,0.0
2016-03-27,69,1:57 PM,39,6:00 AM,54,0.00,0.0
2016-03-28,54,3:08 PM,37,11:17 PM,46,0.46,0.0
2016-03-29,60,2:50 PM,35,2:24 AM,48,0.00,0.0
2016-03-30,59,10:20 AM,37,3:30 AM,48,0.00,0.0
2016-03-31,71,11:42 AM,44,11:59 PM,58,1.24,0.0
2016-04-01,53,2:01 PM,38,11:59 PM,46,0.05,0.0
2016-04-02,50,11:15 AM,31,5:26 AM,41,0.00,0.0
2016-04-03,67,3:19 PM,26,4:45 AM,47,0.00,0.0
2016-04-04,57,2:10 AM,30,11:59 PM,44,0.00,0.0
2016-04-05,52,2:48 PM,26,5:04 AM,39,0.00,0.0
2016-04-06,52,8:17 AM,44,12:13 AM,48,0.00,0.0
2016-04-07,46,1:39 PM,36,11:33 PM,41,0.94,0.0
2016-04-08,45,12:58 PM,31,11:56 PM,38,0.0,0.0
2016-04-09,42,4:08 PM,25,5:43 AM,34,0.0,0.0
2016-04-10,52,3:56 PM,34,12:01 AM,43,0.0,0.0
2016-04-11,52,1:42 PM,37,11:59 PM,45,0.53,0.0
2016-04-12,53,2:29 PM,34,5:38 AM,44,0.00,0.0
2016-04-13,62,3:57 PM,33,5:40 AM,48,0.00,0.0
2016-04-14,69,3:10 PM,38,4:56 AM,54,0.00,0.0
2016-04-15,76,2:14 PM,43,5:30 AM,60,0.00,0.0
2016-04-16,79,1:53 PM,52,5:14 AM,66,0.00,0.0
2016-04-17,81,2:25 PM,52,5:01 AM,67,0.00,0.0
2016-04-18,82,1:58 PM,51,4:21 AM,67,0.00,0.0
2016-04-19,80,12:30 PM,53,5:33 AM,67,0.00,0.0
2016-04-20,72,11:30 AM,52,5:10 AM,62,0.00,0.0
2016-04-21,71,2:25 PM,52,11:59 PM,62,0.21,0.0
2016-04-22,68,10:59 AM,43,11:58 PM,56,0.19,0.0
2016-04-23,69,3:37 PM,40,3:58 AM,55,0.00,0.0
2016-04-24,78,1:47 PM,41,4:18 AM,60,0.00,0.0
2016-04-25,81,3:41 PM,55,4:53 AM,68,0.00,0.0
2016-04-26,78,10:18 AM,50,10:48 PM,64,0.00,0.0
2016-04-27,60,1:07 PM,50,12:49 AM,55,0.02,0.0
2016-04-28,69,12:58 PM,50,4:37 AM,60,0.98,0.0
2016-04-29,60,3:16 PM,45,4:39 AM,53,0.00,0.0
2016-04-30,61,5:53 PM,48,12:38 AM,55,0.34,0.0
2016-05-01,67,2:51 PM,49,11:03 PM,58,0.48,0.0
2016-05-02,57,12:35 PM,47,11:59 PM,52,0.04,0.0
2016-05-03,66,12:56 PM,44,4:00 AM,55,0.00,0.0
2016-05-04,58,1:01 PM,44,11:59 PM,51,0.16,0.0
2016-05-05,67,3:02 PM,40,4:09 AM,54,0.0,0.0
2016-05-06,79,4:06 PM,44,3:09 AM,62,0.00,0.0
2016-05-07,76,2:51 PM,52,11:59 PM,64,0.00,0.0
2016-05-08,65,2:35 PM,48,7:02 AM,57,0.22,0.0
2016-05-09,71,1:09 PM,52,4:45 AM,62,0.26,0.0
2016-05-10,72,5:00 PM,57,11:58 PM,65,0.39,0.0
2016-05-11,79,2:09 PM,55,4:33 AM,67,0.06,0.0
2016-05-12,70,3:27 PM,52,11:58 PM,61,0.27,0.0
2016-05-13,71,3:31 PM,46,4:58 AM,59,0.00,0.0
2016-05-14,53,4:19 PM,40,5:02 AM,47,0.41,0.0
2016-05-15,57,3:38 PM,39,3:20 AM,48,0.00,0.0
2016-05-16,66,12:48 PM,40,4:30 AM,53,0.00,0.0
2016-05-17,60,11:33 AM,48,11:59 PM,54,0.06,0.0
2016-05-18,69,2:11 PM,43,3:53 AM,56,0.05,0.0
2016-05-19,73,3:35 PM,47,2:59 AM,60,0.00,0.0
2016-05-20,68,11:06 AM,52,3:46 AM,60,0.00,0.0
2016-05-21,76,2:26 PM,53,11:59 PM,65,0.09,0.0
2016-05-22,84,2:39 PM,47,4:42 AM,66,0.00,0.0
2016-05-23,82,2:32 PM,52,4:29 AM,67,0.00,0.0
2016-05-24,85,2:04 PM,53,4:45 AM,69,0.00,0.0
2016-05-25,85,1:29 PM,60,4:40 AM,73,0.00,0.0
2016-05-26,82,12:28 PM,62,7:52 AM,72,0.00,0.0
2016-05-27,81,12:22 PM,63,4:12 AM,72,0.35,0.0
2016-05-28,82,3:44 PM,66,12:41 AM,74,0.30,0.0
2016-05-29,84,2:33 PM,61,4:23 AM,73,0.00,0.0
2016-05-30,88,3:18 PM,61,4:53 AM,75,0.00,0.0
2016-05-31,85,12:17 PM,63,5:06 AM,74,0.65,0.0
2016-06-01,81,3:47 PM,65,12:13 AM,73,1.44,0.0
2016-06-02,82,3:28 PM,63,11:54 PM,73,0.10,0.0
2016-06-03,84,12:30 PM,60,4:27 AM,72,0.00,0.0
2016-06-04,74,4:38 PM,61,8:52 AM,68,0.49,0.0
2016-06-05,79,4:21 PM,61,4:50 AM,70,0.58,0.0
2016-06-06,85,2:27 PM,60,4:24 AM,73,0.00,0.0
2016-06-07,74,3:03 PM,58,11:58 PM,66,0.00,0.0
2016-06-08,78,4:21 PM,51,4:09 AM,65,0.00,0.0
2016-06-09,85,3:29 PM,55,1:50 AM,70,0.00,0.0
2016-06-10,92,3:13 PM,69,5:26 AM,81,0.0,0.0
2016-06-11,91,2:12 PM,71,4:45 AM,81,0.00,0.0
2016-06-12,89,2:12 PM,64,11:59 PM,77,0.00,0.0
2016-06-13,92,4:39 PM,59,2:42 AM,76,0.00,0.0
2016-06-14,87,12:26 PM,70,6:23 AM,79,0.61,0.0
2016-06-15,92,4:12 PM,71,1:47 AM,82,1.08,0.0
2016-06-16,83,3:19 PM,64,11:58 PM,74,0.04,0.0
2016-06-17,86,3:34 PM,62,4:54 AM,74,0.00,0.0
2016-06-18,87,2:07 PM,60,4:02 AM,74,0.00,0.0
2016-06-19,90,4:21 PM,66,4:44 AM,78,0.00,0.0
2016-06-20,91,3:27 PM,70,11:58 PM,81,0.00,0.0
2016-06-21,84,3:45 PM,67,4:26 AM,76,1.05,0.0
2016-06-22,85,3:54 PM,62,5:24 AM,74,1.26,0.0
2016-06-23,89,1:16 PM,70,11:58 PM,80,0.39,0.0
2016-06-24,84,2:22 PM,65,4:28 AM,75,0.00,0.0
2016-06-25,92,2:59 PM,66,4:15 AM,79,0.00,0.0
2016-06-26,92,2:06 PM,69,3:07 AM,81,0.00,0.0
2016-06-27,90,3:44 PM,68,4:30 AM,79,0.00,0.0
2016-06-28,77,2:54 PM,54,11:59 PM,66,0.08,0.0
2016-06-29,78,3:01 PM,51,4:19 AM,65,0.00,0.0
2016-06-30,79,1:23 PM,54,3:58 AM,67,0.00,0.0
2016-07-01,77,1:58 PM,59,11:59 PM,68,0.38,0.0
2016-07-04,76,3:58 PM,63,2:14 AM,70,0.33,0.0
2016-07-05,86,2:22 PM,70,4:30 AM,78,0.0,0.0
2016-07-06,84,1:03 PM,67,5:29 AM,76,0.39,0.0
2016-07-07,85,2:37 PM,66,4:56 AM,76,0.11,0.0
2016-07-08,88,2:42 PM,67,4:10 AM,78,0.01,0.0
2016-07-09,81,2:02 PM,62,4:27 AM,72,0.00,0.0
2016-07-10,84,3:44 PM,59,4:08 AM,72,0.00,0.0
2016-07-11,88,1:31 PM,65,4:30 AM,77,0.00,0.0
2016-07-12,90,1:04 PM,68,3:46 AM,79,0.00,0.0
2016-07-13,89,2:48 PM,67,11:53 PM,78,0.00,0.0
2016-07-14,87,2:20 PM,66,4:22 AM,77,0.72,0.0
2016-07-15,82,1:14 PM,65,11:59 PM,74,0.00,0.0
2016-07-16,80,3:42 PM,63,5:13 AM,72,0.00,0.0
2016-07-17,87,2:53 PM,62,2:57 AM,75,0.00,0.0
2016-07-18,86,3:28 PM,71,9:45 AM,79,0.38,0.0
2016-07-19,88,1:49 PM,67,4:17 AM,78,0.09,0.0
2016-07-20,89,2:46 PM,70,5:24 AM,80,0.00,0.0
2016-07-21,92,4:00 PM,71,4:36 AM,82,0.00,0.0
2016-07-22,88,3:26 PM,70,4:29 AM,79,0.36,0.0
2016-07-23,90,3:29 PM,71,5:25 AM,81,0.00,0.0
2016-07-24,93,1:46 PM,67,10:26 PM,80,0.00,0.0
2016-07-25,85,1:27 PM,69,12:01 AM,77,1.25,0.0
2016-07-26,85,1:48 PM,68,11:59 PM,77,0.00,0.0
2016-07-27,86,12:56 PM,66,4:42 AM,76,0.00,0.0
2016-07-28,86,2:06 PM,70,8:04 AM,78,0.04,0.0
2016-07-29,84,3:08 PM,68,3:20 AM,76,0.03,0.0
2016-07-30,82,3:41 PM,65,3:35 AM,74,0.00,0.0
2016-07-31,83,3:26 PM,65,4:56 AM,74,0.0,0.0
2016-08-01,86,3:58 PM,67,4:29 AM,77,0.00,0.0
2016-08-02,85,2:49 PM,67,3:40 AM,76,0.00,0.0
2016-08-03,88,3:10 PM,69,4:34 AM,79,0.00,0.0
2016-08-04,90,4:17 PM,69,5:02 AM,80,0.00,0.0
2016-08-05,84,12:31 PM,71,5:02 AM,78,0.00,0.0
2016-08-06,84,1:55 PM,67,11:59 PM,76,0.00,0.0
2016-08-07,83,12:48 PM,64,4:56 AM,74,0.00,0.0
2016-08-08,85,12:01 PM,66,5:21 AM,76,0.00,0.0
2016-08-09,88,2:56 PM,67,2:00 AM,78,0.00,0.0
2016-08-10,90,4:00 PM,68,4:26 AM,79,0.00,0.0
2016-08-11,93,1:01 PM,71,4:03 AM,82,0.00,0.0
2016-08-12,88,3:26 PM,72,11:54 PM,80,0.00,0.0
2016-08-13,80,10:41 AM,69,10:04 PM,75,0.93,0.0
2016-08-14,78,10:37 AM,65,5:05 AM,72,0.00,0.0
2016-08-15,76,2:24 PM,68,4:26 AM,72,0.13,0.0
2016-08-16,84,3:02 PM,70,11:50 PM,77,1.47,0.0
2016-08-17,86,2:34 PM,69,4:32 AM,78,0.00,0.0
2016-08-18,87,1:18 PM,66,11:59 PM,77,0.00,0.0
2016-08-19,84,4:41 PM,66,1:52 AM,75,0.50,0.0
2016-08-20,81,11:49 AM,64,11:59 PM,73,0.00,0.0
2016-08-21,77,3:05 PM,58,4:44 AM,68,0.13,0.0
2016-08-22,81,3:46 PM,56,5:14 AM,69,0.00,0.0
2016-08-23,82,1:17 PM,57,5:24 AM,70,0.00,0.0
2016-08-24,87,2:06 PM,67,12:01 AM,77,0.00,0.0
2016-08-25,86,3:43 PM,67,5:57 AM,77,0.75,0.0
2016-08-26,87,1:37 PM,69,5:03 AM,78,0.04,0.0
2016-08-27,89,1:24 PM,69,2:35 AM,79,0.20,0.0
2016-08-28,90,3:04 PM,69,4:44 AM,80,0.00,0.0
2016-08-29,90,4:03 PM,68,4:42 AM,79,0.00,0.0
2016-08-30,86,2:02 PM,70,5:00 AM,78,0.00,0.0
2016-08-31,84,1:52 PM,63,11:45 PM,74,0.00,0.0
2016-09-01,78,11:59 AM,60,4:01 AM,69,0.00,0.0
2016-09-02,78,2:14 PM,57,5:31 AM,68,0.00,0.0
2016-09-03,80,2:14 PM,56,5:38 AM,68,0.00,0.0
2016-09-04,83,1:16 PM,58,5:43 AM,71,0.00,0.0
2016-09-05,92,1:31 PM,64,3:42 AM,78,0.00,0.0
2016-09-06,92,2:20 PM,68,5:14 AM,80,0.00,0.0
2016-09-07,92,2:21 PM,71,5:42 AM,82,0.00,0.0
2016-09-08,80,3:36 PM,69,11:47 PM,75,0.57,0.0
2016-09-09,80,1:41 PM,67,5:16 AM,74,0.60,0.0
2016-09-10,76,12:02 PM,56,11:58 PM,66,2.32,0.0
2016-09-11,79,3:14 PM,52,5:43 AM,66,0.00,0.0
2016-09-12,81,3:49 PM,53,5:24 AM,67,0.00,0.0
2016-09-13,87,3:26 PM,56,5:41 AM,72,0.00,0.0
2016-09-14,82,2:18 PM,66,11:30 AM,74,0.24,0.0
2016-09-15,84,2:06 PM,63,5:32 AM,74,0.00,0.0
2016-09-16,79,3:32 PM,64,5:07 AM,72,0.00,0.0
2016-09-17,82,2:18 PM,64,9:21 PM,73,0.37,0.0
2016-09-18,85,4:37 PM,60,11:57 PM,73,0.00,0.0
2016-09-19,88,3:02 PM,55,6:05 AM,72,0.00,0.0
2016-09-20,91,3:17 PM,61,5:04 AM,76,0.00,0.0
2016-09-21,90,2:06 PM,62,5:58 AM,76,0.00,0.0
2016-09-22,91,2:20 PM,60,5:45 AM,76,0.00,0.0
2016-09-23,90,2:30 PM,62,5:33 AM,76,0.00,0.0
2016-09-24,89,2:58 PM,65,5:30 AM,77,0.00,0.0
2016-09-25,91,12:52 PM,65,5:34 AM,78,0.00,0.0
2016-09-26,72,2:50 PM,52,11:59 PM,62,0.95,0.0
2016-09-27,76,1:56 PM,50,5:33 AM,63,0.00,0.0
2016-09-28,61,12:31 PM,53,6:44 AM,57,0.01,0.0
2016-09-29,71,3:13 PM,54,1:05 AM,63,0.22,0.0
2016-09-30,69,3:05 PM,58,4:43 AM,64,0.11,0.0
2016-10-01,71,1:22 PM,58,5:33 AM,65,0.15,0.0
2016-10-02,71,1:02 PM,54,5:11 AM,63,0.01,0.0
2016-10-03,73,2:21 PM,55,5:19 AM,64,0.00,0.0
2016-10-04,81,1:30 PM,56,1:36 AM,69,0.00,0.0
2016-10-05,82,2:05 PM,60,4:18 AM,71,0.00,0.0
2016-10-06,85,12:24 PM,62,12:37 AM,74,0.00,0.0
2016-10-07,74,11:55 AM,50,11:59 PM,62,0.00,0.0
2016-10-08,69,3:21 PM,45,5:50 AM,57,0.00,0.0
2016-10-09,76,2:21 PM,43,4:50 AM,60,0.00,0.0
2016-10-10,79,3:20 PM,45,5:21 AM,62,0.00,0.0
2016-10-11,81,2:35 PM,50,4:42 AM,66,0.00,0.0
2016-10-12,71,10:50 AM,48,11:31 AM,60,0.06,0.0
2016-10-13,61,2:59 PM,41,6:32 AM,51,0.20,0.0
2016-10-14,71,2:53 PM,41,12:44 AM,56,0.00,0.0
2016-10-15,77,2:50 PM,54,12:00 AM,66,0.0,0.0
2016-10-16,71,2:17 PM,63,8:01 AM,67,0.02,0.0
2016-10-17,85,2:21 PM,64,3:41 AM,75,0.18,0.0
2016-10-18,80,3:41 PM,62,11:50 PM,71,0.00,0.0
2016-10-19,68,11:21 PM,52,4:56 AM,60,0.00,0.0
2016-10-20,61,2:01 PM,47,11:58 PM,54,0.71,0.0
2016-10-21,58,2:31 PM,40,6:04 AM,49,0.14,0.0
2016-10-22,63,2:57 PM,34,5:23 AM,49,0.00,0.0
2016-10-23,75,1:57 PM,41,6:07 AM,58,0.00,0.0
2016-10-24,63,1:36 PM,42,11:42 PM,53,0.00,0.0
2016-10-25,61,1:37 PM,40,5:36 AM,51,0.00,0.0
2016-10-26,65,11:52 AM,47,6:40 AM,56,0.09,0.0
2016-10-27,53,12:00 AM,43,11:59 PM,48,0.32,0.0
2016-10-28,70,1:22 PM,40,5:37 AM,55,0.00,0.0
2016-10-29,81,1:53 PM,61,3:26 AM,71,0.00,0.0
2016-10-30,66,12:54 PM,45,11:58 PM,56,0.00,0.0
2016-10-31,68,1:59 PM,43,5:43 AM,56,0.00,0.0
2016-11-01,79,2:21 PM,57,3:40 AM,68,0.00,0.0
2016-11-02,76,12:05 PM,57,4:22 AM,67,0.00,0.0
2016-11-03,65,1:18 PM,52,11:58 PM,59,0.41,0.0
2016-11-04,62,1:41 PM,42,11:58 PM,52,0.00,0.0
2016-11-05,64,12:33 PM,39,5:11 AM,52,0.00,0.0
2016-11-06,68,1:45 PM,40,6:13 AM,54,0.00,0.0
2016-11-07,71,12:47 PM,40,5:58 AM,56,0.00,0.0
2016-11-08,56,2:42 PM,46,10:25 PM,51,0.04,0.0
2016-11-09,55,1:39 PM,36,11:59 PM,46,0.29,0.0
2016-11-10,60,1:33 PM,33,6:02 AM,47,0.00,0.0
2016-11-11,57,12:09 PM,37,11:47 PM,47,0.00,0.0
2016-11-12,53,3:59 PM,30,6:49 AM,42,0.00,0.0
2016-11-13,57,1:54 PM,25,6:37 AM,41,0.00,0.0
2016-11-14,64,1:33 PM,32,12:33 AM,48,0.00,0.0
2016-11-15,60,2:11 PM,39,3:48 AM,50,0.00,0.0
2016-11-16,65,2:18 PM,35,6:00 AM,50,0.00,0.0
2016-11-17,74,1:06 PM,42,4:38 AM,58,0.00,0.0
2016-11-18,69,12:05 PM,39,11:58 PM,54,0.00,0.0
2016-11-19,39,12:00 AM,28,11:48 PM,34,0.52,0.0
2016-11-20,37,1:56 PM,23,5:53 AM,30,0.00,0.0
2016-11-21,42,3:20 PM,21,5:08 AM,32,0.00,0.0
2016-11-22,48,2:42 PM,31,6:26 AM,40,0.00,0.0
2016-11-23,47,8:05 PM,38,2:42 AM,43,0.89,0.0
2016-11-24,42,12:01 AM,37,11:37 PM,40,0.16,0.0
2016-11-25,40,1:37 PM,37,12:03 AM,39,0.00,0.0
2016-11-26,49,1:06 PM,31,7:11 AM,40,0.00,0.0
2016-11-27,43,4:14 PM,29,4:24 AM,36,0.00,0.0
2016-11-28,50,10:23 PM,41,2:57 AM,46,0.30,0.0
2016-11-29,59,1:18 PM,42,3:07 AM,51,0.71,0.0
2016-11-30,46,12:05 AM,30,7:19 AM,38,0.00,0.0
2016-12-01,39,1:15 PM,35,1:50 AM,37,0.0,0.0
2016-12-02,40,2:03 PM,35,12:37 AM,38,0.00,0.0
2016-12-03,38,2:30 PM,30,7:54 PM,34,0.00,0.0
2016-12-04,34,9:18 AM,31,1:07 PM,33,0.0,0.0
2016-12-05,39,2:29 PM,31,5:28 AM,35,0.41,1.0
2016-12-06,38,2:34 PM,29,11:04 PM,34,0.0,0.0
2016-12-07,36,12:40 PM,23,11:58 PM,30,0.00,0.0
2016-12-08,23,12:00 AM,18,6:04 AM,21,0.0,0.0
2016-12-09,27,11:42 AM,20,9:59 PM,24,0.0,0.0
2016-12-10,28,1:29 PM,20,12:28 AM,24,0.0,0.0
2016-12-11,36,11:00 AM,25,12:00 AM,31,0.06,0.6
2016-12-12,35,12:00 AM,22,7:48 PM,29,0.16,0.0
2016-12-13,29,7:17 AM,10,11:26 PM,20,0.10,1.2
2016-12-14,26,2:49 PM,4,2:47 AM,15,0.0,0.0
2016-12-15,17,1:14 PM,5,7:07 AM,11,0.00,0.0
2016-12-16,27,11:59 PM,14,12:23 AM,21,0.00,0.0
2016-12-17,31,8:49 AM,17,11:59 PM,24,0.07,0.0
2016-12-18,17,12:00 AM,-2,11:59 PM,8,0.03,0.2
2016-12-19,20,2:40 PM,-4,6:43 AM,8,0.0,0.0
2016-12-20,34,1:30 PM,10,1:56 AM,22,0.00,0.0
2016-12-21,43,2:23 PM,16,6:28 AM,30,0.00,0.0
2016-12-22,43,2:31 PM,28,11:45 PM,36,0.00,0.0
2016-12-23,36,10:02 PM,27,12:16 AM,32,0.00,0.0
2016-12-24,45,1:01 PM,35,11:22 PM,40,0.03,0.0
2016-12-25,47,11:59 PM,34,3:25 AM,41,0.0,0.0
2016-12-26,58,4:18 AM,32,11:50 PM,45,0.46,0.0
2016-12-27,39,1:50 PM,25,11:52 PM,32,0.03,0.0
2016-12-28,45,12:58 PM,24,2:59 AM,35,0.00,0.0
2016-12-29,41,1:50 PM,31,7:13 AM,36,0.0,0.0
2016-12-30,38,2:48 PM,25,7:15 AM,32,0.00,0.0
2016-12-31,48,1:07 PM,23,11:13 PM,36,0.00,0.0
2017-01-01,43,1:20 PM,19,5:02 AM,31,0.00,0.0
2017-01-02,47,2:58 PM,33,12:00 AM,40,0.0,0.0
2017-01-03,45,1:08 AM,21,11:58 PM,33,0.14,0.0
2017-01-04,22,1:37 PM,13,7:34 AM,18,0.11,0.0
2017-01-05,15,12:00 AM,7,11:59 PM,11,0.04,0.6
2017-01-06,11,12:32 PM,-2,11:59 PM,5,0.0,0.2
2017-01-07,20,3:35 PM,-3,2:03 AM,9,0.0,0.0
2017-01-08,19,11:59 PM,1,7:32 AM,10,0.00,0.0
2017-01-09,36,11:59 PM,18,12:00 AM,27,0.00,0.0
2017-01-10,53,3:46 PM,29,11:59 PM,41,0.03,0.0
2017-01-11,59,8:52 PM,25,2:18 AM,42,0.01,0.0
2017-01-12,46,12:05 PM,23,11:59 PM,35,0.23,0.0
2017-01-13,31,2:26 PM,20,7:05 AM,26,0.0,0.0
2017-01-14,31,2:18 PM,28,4:53 AM,30,0.07,0.0
2017-01-15,34,1:37 PM,28,4:50 AM,31,0.16,0.0
2017-01-16,52,11:59 PM,32,12:00 AM,42,0.01,0.0
2017-01-17,54,1:59 AM,35,10:26 PM,45,0.36,0.0
2017-01-18,41,1:44 PM,32,8:00 PM,37,0.0,0.0
2017-01-19,43,11:08 PM,31,2:12 AM,37,0.00,0.0
2017-01-20,51,11:48 PM,42,4:52 AM,47,1.27,0.0
2017-01-21,64,1:42 PM,41,5:23 AM,53,0.00,0.0
2017-01-22,53,12:30 PM,40,6:35 AM,47,0.00,0.0
2017-01-23,40,12:00 AM,37,7:16 AM,39,0.00,0.0
2017-01-24,41,2:56 PM,34,11:33 PM,38,0.00,0.0
2017-01-25,51,10:29 AM,34,12:55 AM,43,0.0,0.0
2017-01-26,34,12:00 AM,30,10:17 PM,32,0.01,0.0
2017-01-27,30,12:00 AM,22,8:40 PM,26,0.0,0.0
2017-01-28,37,1:48 PM,22,3:02 AM,30,0.0,0.0
2017-01-29,29,4:35 PM,22,11:18 PM,26,0.0,0.0
2017-01-30,42,11:21 PM,11,7:13 AM,27,0.09,0.8
2017-01-31,44,1:54 PM,34,8:00 PM,39,0.00,0.0
2017-02-01,42,2:53 PM,26,11:59 PM,34,0.00,0.0
2017-02-02,30,1:55 PM,18,6:08 AM,24,0.00,0.0
2017-02-03,31,2:42 PM,15,11:58 PM,23,0.00,0.0
2017-02-04,37,2:32 PM,11,6:02 AM,24,0.00,0.0
2017-02-05,46,3:10 PM,26,11:59 PM,36,0.00,0.0
2017-02-06,47,10:34 PM,25,12:53 AM,36,0.00,0.0
2017-02-07,62,12:16 PM,32,11:27 PM,47,0.15,0.0
2017-02-08,33,9:26 AM,16,11:59 PM,25,0.00,0.0
2017-02-09,20,3:14 PM,9,11:18 PM,15,0.13,1.5
2017-02-10,50,2:43 PM,13,12:00 AM,32,0.00,0.0
2017-02-11,67,3:23 PM,39,4:58 AM,53,0.00,0.0
2017-02-12,52,12:12 PM,33,11:58 PM,43,0.00,0.0
2017-02-13,46,2:27 PM,24,6:01 AM,35,0.00,0.0
2017-02-14,53,2:38 PM,31,6:52 AM,42,0.00,0.0
2017-02-15,43,3:28 PM,27,11:40 PM,35,0.00,0.0
2017-02-16,52,1:57 PM,24,6:13 AM,38,0.00,0.0
2017-02-17,70,2:55 PM,37,6:20 AM,54,0.00,0.0
2017-02-18,70,3:18 PM,40,1:37 AM,55,0.00,0.0
2017-02-19,68,3:14 PM,44,11:59 PM,56,0.00,0.0
2017-02-20,71,1:45 PM,43,6:40 AM,57,0.00,0.0
2017-02-21,62,2:48 PM,48,11:42 PM,55,0.02,0.0
2017-02-22,70,1:32 PM,43,4:20 AM,57,0.0,0.0
2017-02-23,60,2:12 PM,44,5:51 AM,52,0.00,0.0
2017-02-24,68,11:47 AM,37,11:57 PM,53,0.0,0.0
2017-02-25,37,12:00 AM,23,8:08 AM,30,0.05,0.0
2017-02-26,49,1:06 PM,16,5:12 AM,33,0.0,0.0
2017-02-27,59,1:54 PM,31,3:45 AM,45,0.00,0.0
2017-02-28,63,5:23 PM,45,1:42 AM,54,0.06,0.0
2017-03-01,63,12:13 AM,32,11:58 PM,48,0.56,0.0
2017-03-02,40,1:19 PM,28,10:54 PM,34,0.00,0.0
2017-03-03,38,3:43 PM,21,6:33 AM,30,0.00,0.0
2017-03-04,55,3:14 PM,29,6:41 AM,42,0.00,0.0
2017-03-05,64,1:53 PM,31,4:33 AM,48,0.00,0.0
2017-03-06,61,11:53 PM,50,3:55 AM,56,0.00,0.0
2017-03-07,63,1:47 AM,40,10:01 PM,52,0.57,0.0
2017-03-08,59,3:15 PM,33,6:12 AM,46,0.00,0.0
2017-03-09,57,1:16 PM,33,11:53 PM,45,0.00,0.0
2017-03-10,39,1:24 PM,27,11:56 PM,33,0.0,0.0
2017-03-11,34,2:12 PM,23,6:52 AM,29,0.00,0.0
2017-03-12,38,3:30 PM,19,6:32 AM,29,0.00,0.0
2017-03-13,32,12:00 AM,24,11:36 AM,28,0.16,1.8
2017-03-14,28,2:53 PM,18,11:57 PM,23,0.04,0.2
2017-03-15,30,3:12 PM,14,3:08 AM,22,0.0,0.0
2017-03-16,46,2:49 PM,15,6:09 AM,31,0.00,0.0
2017-03-17,54,5:09 PM,34,12:00 AM,44,0.04,0.0
2017-03-18,42,12:18 AM,35,5:59 AM,39,0.01,0.0
2017-03-19,56,3:48 PM,27,5:56 AM,42,0.00,0.0
2017-03-20,70,1:13 PM,43,6:10 AM,57,0.16,0.0
2017-03-21,54,2:00 PM,33,11:58 PM,44,0.00,0.0
2017-03-22,43,2:31 PM,26,6:14 AM,35,0.00,0.0
2017-03-23,49,12:21 PM,29,5:48 AM,39,0.00,0.0
2017-03-24,77,12:29 PM,47,1:29 AM,62,0.0,0.0
2017-03-25,69,2:33 PM,55,11:36 AM,62,0.0,0.0
2017-03-26,63,1:54 PM,48,11:59 PM,56,0.0,0.0
2017-03-27,63,11:12 AM,43,5:22 AM,53,0.00,0.0
2017-03-28,57,2:21 PM,42,6:19 AM,50,0.06,0.0
2017-03-29,60,11:58 AM,43,12:06 AM,52,0.00,0.0
2017-03-30,67,1:06 PM,48,5:18 AM,58,0.27,0.0
2017-03-31,51,12:00 AM,39,11:59 PM,45,0.51,0.0
2017-04-01,57,3:25 PM,36,4:52 AM,47,0.01,0.0
2017-04-02,65,4:07 PM,41,5:18 AM,53,0.00,0.0
2017-04-03,67,12:02 PM,51,2:39 AM,59,0.0,0.0
2017-04-04,57,1:38 PM,48,11:59 PM,53,0.39,0.0
2017-04-05,53,9:46 AM,39,11:55 PM,46,0.58,0.0
2017-04-06,52,2:34 PM,38,12:38 AM,45,0.62,0.0
2017-04-07,56,2:57 PM,33,3:58 AM,45,0.00,0.0
2017-04-08,69,1:58 PM,33,5:48 AM,51,0.00,0.0
2017-04-09,76,12:58 PM,46,1:29 AM,61,0.00,0.0
2017-04-10,70,8:59 AM,56,11:59 PM,63,0.03,0.0
2017-04-11,57,5:39 AM,43,9:58 PM,50,0.10,0.0
2017-04-12,68,4:00 PM,37,5:38 AM,53,0.00,0.0
2017-04-13,80,3:53 PM,46,5:00 AM,63,0.00,0.0
2017-04-14,83,1:48 PM,51,5:16 AM,67,0.00,0.0
2017-04-15,80,1:02 PM,59,1:31 AM,70,0.08,0.0
2017-04-16,70,1:33 PM,56,9:53 PM,63,0.27,0.0
2017-04-17,71,3:26 PM,50,11:59 PM,61,0.02,0.0
2017-04-18,76,1:50 PM,46,5:03 AM,61,0.00,0.0
2017-04-19,81,4:05 PM,60,5:18 AM,71,0.00,0.0
2017-04-20,80,11:24 AM,51,11:49 PM,66,0.00,0.0
2017-04-21,58,3:46 PM,44,11:59 PM,51,0.02,0.0
2017-04-22,63,2:54 PM,42,4:13 AM,53,0.00,0.0
2017-04-23,71,2:42 PM,40,3:25 AM,56,0.00,0.0
2017-04-24,77,2:17 PM,45,3:06 AM,61,0.00,0.0
2017-04-25,79,1:18 PM,48,5:12 AM,64,0.00,0.0
2017-04-26,78,10:06 AM,58,11:58 PM,68,0.00,0.0
2017-04-27,58,12:00 AM,44,8:50 AM,51,0.91,0.0
2017-04-28,55,11:01 AM,45,2:36 AM,50,0.01,0.0
2017-04-29,59,7:36 PM,47,5:43 AM,53,0.78,0.0
2017-04-30,67,8:30 PM,54,2:04 AM,61,1.99,0.0
2017-05-01,62,12:12 AM,44,11:59 PM,53,0.32,0.0
2017-05-02,59,12:29 PM,42,3:49 AM,51,0.02,0.0
2017-05-03,51,1:35 PM,38,4:08 AM,45,0.00,0.0
2017-05-04,47,12:15 AM,44,11:26 PM,46,1.32,0.0
2017-05-05,63,3:30 PM,41,4:30 AM,52,0.51,0.0
2017-05-06,61,3:53 PM,43,11:36 PM,52,0.21,0.0
2017-05-07,65,3:39 PM,38,5:08 AM,52,0.0,0.0
2017-05-08,66,4:23 PM,40,4:26 AM,53,0.00,0.0
2017-05-09,81,2:47 PM,49,5:29 AM,65,0.03,0.0
2017-05-10,82,1:24 PM,54,4:49 AM,68,0.00,0.0
2017-05-11,63,12:05 AM,54,11:59 PM,59,0.51,0.0
2017-05-12,72,2:22 PM,49,5:11 AM,61,0.00,0.0
2017-05-13,79,4:09 PM,48,5:12 AM,64,0.00,0.0
2017-05-14,83,2:10 PM,57,4:21 AM,70,0.00,0.0
2017-05-15,86,2:25 PM,56,4:44 AM,71,0.00,0.0
2017-05-16,84,1:57 PM,59,4:24 AM,72,0.00,0.0
2017-05-17,82,12:08 PM,67,5:18 AM,75,0.00,0.0
2017-05-18,87,1:15 PM,60,11:58 PM,74,0.00,0.0
2017-05-19,60,11:36 AM,50,6:16 AM,55,1.02,0.0
2017-05-20,79,2:25 PM,52,12:07 AM,66,0.63,0.0
2017-05-21,66,12:20 AM,46,11:54 PM,56,0.76,0.0
2017-05-22,73,2:09 PM,45,4:01 AM,59,0.00,0.0
2017-05-23,70,1:59 PM,56,11:59 PM,63,0.01,0.0
2017-05-24,61,5:34 PM,55,1:15 AM,58,0.20,0.0
2017-05-25,67,4:37 PM,53,6:47 AM,60,0.21,0.0
2017-05-26,80,4:00 PM,52,4:26 AM,66,0.00,0.0
2017-05-27,75,5:13 PM,59,8:30 AM,67,0.08,0.0
2017-05-28,80,2:34 PM,61,5:56 AM,71,0.00,0.0
2017-05-29,81,1:27 PM,57,5:56 AM,69,0.0,0.0
2017-05-30,77,4:18 PM,53,5:56 AM,65,0.00,0.0
2017-05-31,78,2:00 PM,54,4:31 AM,66,0.08,0.0
2017-06-01,82,3:01 PM,50,3:49 AM,66,0.00,0.0
2017-06-02,86,3:45 PM,53,4:56 AM,70,0.00,0.0
2017-06-03,90,4:06 PM,61,4:19 AM,76,0.00,0.0
2017-06-04,89,2:41 PM,69,4:28 AM,79,0.00,0.0
2017-06-05,91,1:58 PM,60,11:58 PM,76,0.00,0.0
2017-06-06,79,2:04 PM,53,4:43 AM,66,0.00,0.0
2017-06-07,78,3:03 PM,56,4:29 AM,67,0.00,0.0
2017-06-08,82,4:53 PM,51,4:27 AM,67,0.00,0.0
2017-06-09,86,3:59 PM,58,3:08 AM,72,0.00,0.0
2017-06-10,87,2:16 PM,64,3:42 AM,76,0.00,0.0
2017-06-11,90,2:35 PM,65,4:05 AM,78,0.00,0.0
2017-06-12,93,3:00 PM,67,2:54 AM,80,0.00,0.0
2017-06-13,94,2:48 PM,68,11:34 PM,81,0.00,0.0
2017-06-14,93,2:24 PM,68,11:10 PM,81,0.06,0.0
2017-06-15,88,4:00 PM,66,4:08 AM,77,1.25,0.0
2017-06-16,88,1:50 PM,66,4:23 AM,77,0.00,0.0
2017-06-17,87,3:27 PM,70,11:58 PM,79,0.10,0.0
2017-06-18,81,1:06 PM,64,11:54 PM,73,0.12,0.0
2017-06-19,81,3:32 PM,59,11:53 PM,70,0.00,0.0
2017-06-20,86,3:17 PM,56,4:41 AM,71,0.0,0.0
2017-06-21,86,4:37 PM,63,4:57 AM,75,0.17,0.0
2017-06-22,86,12:52 PM,69,4:22 AM,78,0.00,0.0
2017-06-23,81,2:14 PM,63,11:59 PM,72,0.03,0.0
2017-06-24,76,2:35 PM,56,10:50 PM,66,0.00,0.0
2017-06-25,76,2:36 PM,54,4:48 AM,65,0.00,0.0
2017-06-26,72,10:21 AM,51,4:10 AM,62,0.00,0.0
2017-06-27,76,3:14 PM,49,4:29 AM,63,0.0,0.0
2017-06-28,84,1:22 PM,53,4:08 AM,69,0.00,0.0
2017-06-29,89,1:53 PM,70,11:58 PM,80,0.00,0.0
2017-06-30,84,4:33 PM,68,3:31 AM,76,0.32,0.0
2017-07-01,84,3:25 PM,66,11:57 PM,75,0.55,0.0
2017-07-02,88,3:17 PM,61,4:48 AM,75,0.00,0.0
2017-07-03,89,2:07 PM,67,5:03 AM,78,0.00,0.0
2017-07-04,89,3:07 PM,67,4:29 AM,78,0.00,0.0
2017-07-05,86,11:53 AM,70,4:10 AM,78,0.00,0.0
2017-07-06,89,4:46 PM,70,4:29 AM,80,0.00,0.0
2017-07-07,92,2:14 PM,69,3:42 AM,81,0.00,0.0
2017-07-08,83,2:31 PM,64,11:59 PM,74,0.00,0.0
2017-07-09,88,1:44 PM,59,3:15 AM,74,0.00,0.0
2017-07-10,90,3:17 PM,68,9:16 AM,79,0.04,0.0
2017-07-11,85,5:16 PM,69,11:02 AM,77,0.09,0.0
2017-07-12,91,2:54 PM,69,4:29 AM,80,0.68,0.0
2017-07-13,85,1:25 PM,74,7:27 AM,80,0.08,0.0
2017-07-14,81,11:44 PM,65,11:58 PM,73,0.00,0.0
2017-07-15,80,4:27 PM,59,4:28 AM,70,0.00,0.0
2017-07-16,88,3:24 PM,60,3:19 AM,74,0.00,0.0
2017-07-17,86,3:22 PM,63,5:06 AM,75,0.00,0.0
2017-07-18,88,2:16 PM,62,4:49 AM,75,0.00,0.0
2017-07-19,91,3:19 PM,71,4:11 AM,81,0.63,0.0
2017-07-20,92,3:01 PM,70,3:07 AM,81,0.00,0.0
2017-07-21,94,2:29 PM,72,5:54 AM,83,0.03,0.0
2017-07-22,90,4:49 PM,70,8:34 AM,80,0.00,0.0
2017-07-23,90,2:33 PM,68,11:58 PM,79,0.30,0.0
2017-07-24,81,2:57 PM,64,11:57 PM,73,0.10,0.0
2017-07-25,84,3:46 PM,61,4:21 AM,73,0.00,0.0
2017-07-26,89,3:02 PM,63,4:48 AM,76,0.00,0.0
2017-07-27,83,1:38 PM,69,11:59 PM,76,0.27,0.0
2017-07-28,83,2:37 PM,65,11:59 PM,74,0.03,0.0
2017-07-29,79,1:57 PM,60,5:47 AM,70,0.00,0.0
2017-07-30,84,2:56 PM,60,4:30 AM,72,0.00,0.0
2017-07-31,85,1:19 PM,64,2:04 AM,75,0.00,0.0
2017-08-01,87,1:16 PM,66,11:55 PM,77,0.00,0.0
2017-08-02,86,1:51 PM,62,4:33 AM,74,0.03,0.0
2017-08-03,88,1:06 PM,64,3:59 AM,76,0.0,0.0
2017-08-04,71,4:39 PM,55,5:38 AM,63,0.47,0.0
2017-08-05,78,1:07 PM,52,4:45 AM,65,0.00,0.0
2017-08-06,72,4:57 PM,61,12:00 AM,67,0.00,0.0
2017-08-07,77,2:15 PM,62,11:54 PM,70,0.0,0.0
2017-08-08,82,2:01 PM,57,3:14 AM,70,0.00,0.0
2017-08-09,83,1:23 PM,55,4:10 AM,69,0.00,0.0
2017-08-10,87,2:28 PM,59,1:44 AM,73,0.00,0.0
2017-08-11,84,2:41 PM,64,11:56 PM,74,0.02,0.0
2017-08-12,79,1:34 PM,60,5:30 AM,70,0.00,0.0
2017-08-13,81,2:12 PM,56,5:30 AM,69,0.00,0.0
2017-08-14,85,2:12 PM,60,5:19 AM,73,0.00,0.0
2017-08-15,89,3:06 PM,65,2:22 AM,77,0.00,0.0
2017-08-16,86,10:33 AM,66,5:00 AM,76,0.00,0.0
2017-08-17,86,2:13 PM,67,11:58 PM,77,0.04,0.0
2017-08-18,85,2:42 PM,63,5:37 AM,74,0.00,0.0
2017-08-19,87,1:46 PM,63,4:58 AM,75,0.0,0.0
2017-08-20,92,2:31 PM,64,4:20 AM,78,0.00,0.0
2017-08-21,89,3:07 PM,69,4:02 AM,79,0.00,0.0
2017-08-22,81,1:52 PM,62,11:46 PM,72,0.41,0.0
2017-08-23,79,2:11 PM,57,5:49 AM,68,0.01,0.0
2017-08-24,79,1:53 PM,53,5:45 AM,66,0.00,0.0
2017-08-25,78,2:16 PM,53,5:19 AM,66,0.00,0.0
2017-08-26,81,1:06 PM,56,3:43 AM,69,0.00,0.0
2017-08-27,83,2:26 PM,56,5:20 AM,70,0.00,0.0
2017-08-28,84,2:39 PM,60,11:58 PM,72,0.01,0.0
2017-08-29,81,3:49 PM,58,4:24 AM,70,1.23,0.0
2017-08-30,80,1:23 PM,61,4:53 AM,71,0.00,0.0
2017-08-31,78,2:18 PM,60,2:22 AM,69,0.00,0.0
2017-09-01,71,2:41 PM,54,11:58 PM,63,0.00,0.0
2017-09-02,75,3:02 PM,49,5:31 AM,62,0.00,0.0
2017-09-03,83,1:31 PM,57,5:36 AM,70,0.00,0.0
2017-09-04,90,1:30 PM,54,4:11 AM,72,0.00,0.0
2017-09-05,72,1:56 PM,53,11:22 PM,63,0.07,0.0
2017-09-06,67,3:06 PM,48,5:28 AM,58,0.00,0.0
2017-09-07,72,2:42 PM,45,5:32 AM,59,0.00,0.0
2017-09-08,81,2:41 PM,46,5:47 AM,64,0.00,0.0
2017-09-09,80,12:47 PM,53,5:33 AM,67,0.00,0.0
2017-09-10,76,2:10 PM,47,5:30 AM,62,0.00,0.0
2017-09-11,74,12:34 PM,48,5:26 AM,61,0.00,0.0
2017-09-12,79,1:56 PM,56,6:10 AM,68,0.00,0.0
2017-09-13,71,1:29 PM,62,11:25 PM,67,0.0,0.0
2017-09-14,81,3:35 PM,61,11:49 PM,71,0.04,0.0
2017-09-15,90,3:00 PM,57,5:26 AM,74,0.00,0.0
2017-09-16,90,2:06 PM,60,5:01 AM,75,0.00,0.0
2017-09-17,90,1:06 PM,63,5:30 AM,77,0.00,0.0
2017-09-18,85,3:49 PM,67,6:40 AM,76,0.0,0.0
2017-09-19,82,3:28 PM,65,11:59 PM,74,0.73,0.0
2017-09-20,95,2:48 PM,63,2:11 AM,79,0.00,0.0
2017-09-21,95,1:42 PM,68,5:29 AM,82,0.00,0.0
2017-09-22,95,12:26 PM,67,5:21 AM,81,0.00,0.0
2017-09-23,94,2:15 PM,67,5:29 AM,81,0.00,0.0
2017-09-24,93,1:36 PM,64,4:48 AM,79,0.00,0.0
2017-09-25,91,1:43 PM,62,5:25 AM,77,0.00,0.0
2017-09-26,93,1:59 PM,64,4:55 AM,79,0.00,0.0
2017-09-27,75,12:31 PM,57,11:58 PM,66,0.00,0.0
2017-09-28,73,2:24 PM,51,11:58 PM,62,0.00,0.0
2017-09-29,78,2:19 PM,47,5:09 AM,63,0.00,0.0
2017-09-30,72,2:56 PM,49,1:56 AM,61,0.00,0.0
2017-10-01,77,3:02 PM,44,5:33 AM,61,0.00,0.0
2017-10-02,85,1:28 PM,58,6:00 AM,72,0.00,0.0
2017-10-03,79,10:50 AM,61,3:55 AM,70,0.00,0.0
2017-10-04,76,12:23 AM,66,4:55 AM,71,0.04,0.0
2017-10-05,74,1:00 PM,60,7:49 AM,67,0.24,0.0
2017-10-06,71,3:15 PM,65,5:09 AM,68,1.42,0.0
2017-10-07,85,12:15 PM,59,4:38 PM,72,0.16,0.0
2017-10-08,79,1:23 PM,51,5:56 AM,65,0.22,0.0
2017-10-09,84,1:18 PM,57,5:43 AM,71,0.00,0.0
2017-10-10,77,12:25 PM,58,11:59 PM,68,0.37,0.0
2017-10-11,58,12:00 AM,54,8:29 AM,56,1.80,0.0
2017-10-12,63,1:43 AM,48,11:56 PM,56,0.11,0.0
2017-10-13,78,2:24 PM,47,1:02 AM,63,0.02,0.0
2017-10-14,85,1:18 PM,57,1:51 AM,71,0.00,0.0
2017-10-15,73,12:36 AM,48,11:59 PM,61,0.15,0.0
2017-10-16,65,2:35 PM,39,6:02 AM,52,0.01,0.0
2017-10-17,70,1:40 PM,39,5:30 AM,55,0.00,0.0
2017-10-18,71,1:05 PM,40,6:42 AM,56,0.00,0.0
2017-10-19,78,3:04 PM,46,5:53 AM,62,0.00,0.0
2017-10-20,79,1:57 PM,49,5:10 AM,64,0.00,0.0
2017-10-21,76,1:50 PM,48,5:15 AM,62,0.00,0.0
2017-10-22,71,10:31 AM,52,6:15 PM,62,0.0,0.0
2017-10-23,53,11:28 AM,48,11:52 PM,51,1.39,0.0
2017-10-24,48,12:09 AM,40,11:20 PM,44,0.25,0.0
2017-10-25,52,3:42 PM,35,11:57 PM,44,0.10,0.0
2017-10-26,64,1:20 PM,33,3:43 AM,49,0.00,0.0
2017-10-27,57,12:00 AM,37,11:50 PM,47,0.00,0.0
2017-10-28,39,11:42 AM,34,6:22 AM,37,0.0,0.0
2017-10-29,48,2:44 PM,31,7:04 AM,40,0.0,0.0
2017-10-30,51,2:33 PM,32,10:50 PM,42,0.03,0.0
2017-10-31,42,12:59 PM,30,6:33 AM,36,0.00,0.0
2017-11-01,54,11:59 PM,35,12:25 AM,45,0.00,0.0
2017-11-02,64,1:33 PM,49,11:56 PM,57,0.09,0.0
2017-11-03,56,1:45 PM,41,6:44 AM,49,0.00,0.0
2017-11-04,61,11:52 PM,42,12:36 AM,52,0.00,0.0
2017-11-05,70,10:53 AM,48,11:57 PM,59,0.02,0.0
2017-11-06,49,12:00 AM,37,7:27 AM,43,0.94,0.0
2017-11-07,50,11:34 AM,39,5:32 AM,45,0.0,0.0
2017-11-08,50,1:27 PM,32,11:23 PM,41,0.00,0.0
2017-11-09,52,12:21 PM,26,6:32 AM,39,0.00,0.0
2017-11-10,37,2:06 PM,20,6:40 AM,29,0.00,0.0
2017-11-11,45,1:20 PM,24,6:10 AM,35,0.00,0.0
2017-11-12,40,1:30 PM,36,6:33 AM,38,0.0,0.0
2017-11-13,45,2:20 PM,32,11:04 PM,39,0.0,0.0
2017-11-14,52,1:05 PM,29,6:48 AM,41,0.00,0.0
2017-11-15,56,2:15 PM,32,11:44 PM,44,0.47,0.0
2017-11-16,34,2:09 PM,28,6:45 AM,31,0.08,0.0
2017-11-17,52,11:59 PM,27,5:50 AM,40,0.00,0.0
2017-11-18,61,9:26 AM,34,11:59 PM,48,0.25,0.0
2017-11-19,36,2:20 PM,27,8:48 AM,32,1.11,0.0
2017-11-20,52,1:14 PM,28,5:15 AM,40,0.00,0.0
2017-11-21,52,11:34 AM,28,11:59 PM,40,0.00,0.0
2017-11-22,37,2:19 PM,22,6:44 AM,30,0.0,0.0
2017-11-23,49,2:38 PM,28,6:44 AM,39,0.00,0.0
2017-11-24,60,2:25 PM,27,3:51 AM,44,0.00,0.0
2017-11-25,57,1:32 PM,33,11:59 PM,45,0.00,0.0
2017-11-26,54,2:57 PM,26,6:49 AM,40,0.00,0.0
2017-11-27,64,1:50 PM,32,6:54 AM,48,0.00,0.0
2017-11-28,67,1:48 PM,41,5:50 AM,54,0.00,0.0
2017-11-29,52,12:12 PM,37,5:53 AM,45,0.00,0.0
2017-11-30,54,1:32 PM,32,11:47 PM,43,0.10,0.0
2017-12-01,53,1:57 PM,28,7:00 AM,41,0.00,0.0
2017-12-02,58,2:35 PM,30,6:26 AM,44,0.00,0.0
2017-12-03,60,1:05 PM,28,6:37 AM,44,0.00,0.0
2017-12-04,64,12:46 PM,47,4:06 AM,56,0.00,0.0
2017-12-05,49,12:00 AM,26,10:02 PM,38,0.07,0.0
2017-12-06,41,12:13 PM,26,12:26 AM,34,0.00,0.0
2017-12-07,30,2:25 PM,17,11:59 PM,24,0.0,0.0
2017-12-08,36,2:18 PM,13,2:37 AM,25,0.00,0.0
2017-12-09,32,11:01 AM,19,11:38 PM,26,0.0,0.0
2017-12-10,41,2:19 PM,16,1:36 AM,29,0.0,0.0
2017-12-11,52,2:15 PM,19,2:06 AM,36,0.00,0.0
2017-12-12,33,12:24 AM,20,7:10 AM,27,0.00,0.0
2017-12-13,44,1:55 PM,21,12:29 AM,33,0.00,0.0
2017-12-14,32,2:32 PM,21,11:59 PM,27,0.0,0.0
2017-12-15,36,1:38 PM,19,2:14 AM,28,0.00,0.0
2017-12-16,53,2:41 PM,29,3:07 AM,41,0.00,0.0
2017-12-17,50,2:13 PM,31,12:32 AM,41,0.00,0.0
2017-12-18,49,12:19 PM,36,11:56 PM,43,0.0,0.0
2017-12-19,49,1:28 PM,34,7:24 AM,42,0.00,0.0
2017-12-20,46,1:39 PM,30,6:54 AM,38,0.00,0.0
2017-12-21,47,4:03 PM,27,6:52 AM,37,0.00,0.0
2017-12-22,48,2:29 AM,36,11:49 PM,42,0.01,0.0
2017-12-23,37,2:06 PM,24,11:44 PM,31,0.04,0.4
2017-12-24,24,1:31 AM,17,5:43 PM,21,0.06,0.9
2017-12-25,19,12:01 AM,8,6:05 AM,14,0.12,2.6
2017-12-26,11,12:01 AM,1,8:51 PM,6,0.0,0.0
2017-12-27,6,1:24 PM,-4,7:13 AM,1,0,0.0
2017-12-28,17,11:09 PM,1,12:05 AM,9,0.00,0.0
2017-12-29,17,2:35 PM,13,7:12 AM,15,0.0,0.0
2017-12-30,17,2:10 AM,-1,9:04 PM,8,0.14,1.4
2017-12-31,3,2:46 PM,-5,11:59 PM,-1,0.02,0.5
2018-01-01,-3,1:54 PM,-15,7:17 AM,-9,0.00,0.0
2018-01-02,8,11:41 PM,-14,7:19 AM,-3,0.00,0.0
2018-01-03,19,11:19 AM,0,11:59 PM,10,0.0,0.0
2018-01-04,8,2:18 PM,-4,7:16 AM,2,0.0,0.0
2018-01-05,8,12:05 PM,-4,11:59 PM,2,0.00,0.0
2018-01-06,12,12:48 PM,-6,3:42 AM,3,0.00,0.0
2018-01-07,33,7:30 PM,4,12:00 AM,19,0.00,0.0
2018-01-08,33,7:29 AM,28,10:16 PM,31,0.13,0.0
2018-01-09,32,11:27 PM,27,3:39 AM,30,0.00,0.0
2018-01-10,54,11:57 PM,32,12:00 AM,43,0.00,0.0
2018-01-11,59,3:35 PM,17,11:57 PM,38,0.11,0.0
2018-01-12,23,12:13 PM,14,2:35 AM,19,0.16,0.0
2018-01-13,20,2:24 PM,7,11:59 PM,14,0.0,0.0
2018-01-14,24,1:04 PM,2,5:38 AM,13,0.00,0.0
2018-01-15,25,10:01 AM,-1,11:58 PM,12,0.14,3.3
2018-01-16,7,3:46 PM,-5,5:52 AM,1,0.0,0.0
2018-01-17,17,3:33 PM,-2,7:45 AM,8,0.0,0.2
2018-01-18,32,3:00 PM,12,3:20 AM,22,0.00,0.0
2018-01-19,39,2:29 PM,20,7:08 AM,30,0.00,0.0
2018-01-20,41,1:35 PM,28,6:00 AM,35,0.00,0.0
2018-01-21,51,3:20 PM,37,3:38 AM,44,0.00,0.0
2018-01-22,55,2:16 PM,36,9:56 PM,46,0.47,0.0
2018-01-23,37,12:00 AM,28,11:52 PM,33,0.08,0.0
2018-01-24,29,2:51 PM,22,10:18 PM,26,0.01,0.0
2018-01-25,49,2:28 PM,23,4:02 AM,36,0.0,0.0
2018-01-26,53,1:36 PM,30,5:57 AM,42,0.00,0.0
2018-01-27,53,2:35 PM,28,11:59 PM,41,0.0,0.0
2018-01-28,51,2:07 PM,26,1:57 AM,39,0.00,0.0
2018-01-29,30,12:50 AM,19,11:59 PM,25,0.0,0.0
2018-01-31,46,3:05 PM,29,12:17 AM,38,0.00,0.0
2018-02-01,36,1:57 AM,11,11:57 PM,24,0.00,0.0
2018-02-02,23,3:10 PM,5,6:39 AM,14,0.00,0.0
2018-02-03,40,12:13 PM,22,12:00 AM,31,0.00,0.0
2018-02-04,36,12:00 AM,6,11:58 PM,21,0.04,0.7
2018-02-05,20,6:49 PM,-7,5:37 AM,7,0.01,0.2
2018-02-06,17,3:05 PM,5,6:36 AM,11,0.11,1.1
2018-02-07,22,3:11 PM,9,11:59 PM,16,0.00,0.0
2018-02-08,30,11:57 PM,5,2:00 AM,18,0.00,0.0
2018-02-09,48,12:18 PM,27,11:48 PM,38,0.00,0.0
2018-02-10,27,12:11 AM,20,9:24 AM,24,0.0,0.0
2018-02-11,25,2:23 PM,14,11:59 PM,20,0.08,0.0
2018-02-12,31,3:45 PM,10,6:50 AM,21,0.00,0.0
2018-02-13,42,3:12 PM,18,2:32 AM,30,0.00,0.0
2018-02-14,51,10:44 PM,30,2:47 AM,41,0.00,0.0
2018-02-15,62,3:46 PM,41,11:59 PM,52,0.06,0.0
2018-02-16,41,12:00 AM,23,11:55 PM,32,0.02,0.0
2018-02-17,35,5:26 PM,21,3:37 AM,28,0.00,0.0
2018-02-18,47,2:46 PM,20,6:46 AM,34,0.06,0.0
2018-02-19,62,11:01 PM,42,12:48 AM,52,0.95,0.0
2018-02-20,65,3:09 PM,34,11:52 PM,50,1.14,0.0
2018-02-21,34,3:02 PM,30,6:10 AM,32,3.18,0.0
2018-02-22,45,1:42 PM,31,12:00 AM,38,0.06,0.0
2018-02-23,46,9:59 AM,36,11:57 PM,41,0.07,0.0
2018-02-24,55,11:04 PM,36,3:59 AM,46,0.20,0.0
2018-02-25,48,12:00 AM,29,11:59 PM,39,0.07,0.0
2018-02-26,56,2:17 PM,27,5:08 AM,42,0.00,0.0
2018-02-27,63,2:49 PM,32,5:47 AM,48,0.00,0.0
2018-02-28,56,12:08 PM,44,5:02 AM,50,0.07,0.0
2018-03-01,51,1:10 AM,33,11:35 PM,42,0.37,0.0
2018-03-02,48,4:02 PM,31,6:41 AM,40,0.07,0.0
2018-03-03,52,3:05 PM,28,6:42 AM,40,0.00,0.0
2018-03-04,54,3:26 PM,29,6:27 AM,42,0.00,0.0
2018-03-05,41,3:54 PM,32,11:57 PM,37,0.00,0.0
2018-03-06,47,10:51 AM,27,4:20 AM,37,0.15,0.0
2018-03-07,39,12:48 PM,26,11:59 PM,33,0.05,0.0
2018-03-08,35,3:02 PM,21,6:23 AM,28,0.0,0.0
2018-03-09,42,2:34 PM,21,6:13 AM,32,0.0,0.0
2018-03-10,46,1:49 PM,28,6:21 AM,37,0.00,0.0
2018-03-11,41,3:16 PM,29,11:59 PM,35,0.00,0.0
2018-03-12,45,3:55 PM,27,3:33 AM,36,0.00,0.0
2018-03-13,40,11:30 AM,23,11:59 PM,32,0.00,0.0
2018-03-14,49,3:38 PM,19,5:52 AM,34,0.0,0.0
2018-03-15,56,4:16 PM,31,11:59 PM,44,0.00,0.0
2018-03-16,47,2:31 PM,25,5:50 AM,36,0.00,0.0
2018-03-17,38,3:46 PM,30,11:50 PM,34,0.19,0.0
2018-03-18,53,2:33 PM,26,4:46 AM,40,0.03,0.0
2018-03-19,57,12:29 PM,37,4:05 AM,47,0.00,0.0
2018-03-20,40,2:25 PM,28,6:14 AM,34,0.00,0.0
2018-03-21,46,3:37 PM,26,6:12 AM,36,0.00,0.0
2018-03-22,52,2:57 PM,23,5:41 AM,38,0.00,0.0
2018-03-23,51,1:17 PM,31,6:16 AM,41,0.00,0.0
2018-03-24,39,12:44 AM,29,4:20 PM,34,0.74,0.8
2018-03-25,40,3:40 PM,23,6:05 AM,32,0.52,2.0
2018-03-26,50,10:38 PM,28,5:34 AM,39,0.00,0.0
2018-03-27,55,11:49 AM,39,11:57 PM,47,0.71,0.0
2018-03-28,52,3:36 PM,39,3:07 AM,46,0.10,0.0
2018-03-29,49,3:50 PM,38,11:59 PM,44,0.05,0.0
2018-03-31,54,3:42 PM,32,2:51 AM,43,0.01,0.0
2018-04-01,36,11:54 AM,23,11:59 PM,30,0.0,0.0
2018-04-02,41,3:40 PM,14,5:15 AM,28,0.24,4.1
2018-04-03,66,2:41 PM,34,11:56 PM,50,0.40,0.0
2018-04-04,34,12:01 AM,26,11:56 PM,30,0.20,0.0
2018-04-05,50,3:19 PM,23,4:14 AM,37,0.0,0.0
2018-04-06,43,10:23 AM,26,11:59 PM,35,0.00,0.0
2018-04-07,39,2:26 PM,21,5:49 AM,30,0.0,0.0
2018-04-08,42,2:04 PM,24,5:41 AM,33,0.00,0.0
2018-04-09,40,1:40 PM,30,1:46 AM,35,0.14,0.7
2018-04-10,45,3:46 PM,28,4:53 AM,37,0.0,0.0
2018-04-11,67,2:29 PM,31,12:00 AM,49,0.00,0.0
2018-04-12,77,3:25 PM,52,2:05 AM,65,0.00,0.0
2018-04-13,72,3:26 PM,56,5:25 AM,64,0.00,0.0
2018-04-14,66,3:03 PM,50,11:56 PM,58,0.85,0.0
2018-04-15,50,12:00 AM,32,11:59 PM,41,0.27,0.0
2018-04-16,34,12:06 PM,27,6:30 AM,31,0.02,0.1
2018-04-17,49,4:13 PM,28,5:11 AM,39,0.0,0.0
2018-04-18,56,1:04 PM,32,4:23 AM,44,0.00,0.0
2018-04-19,55,2:28 PM,33,12:08 AM,44,0.0,0.0
2018-04-20,62,3:17 PM,30,4:11 AM,46,0.00,0.0
2018-04-21,64,1:09 PM,41,5:22 AM,53,0.00,0.0
2018-04-22,68,2:21 PM,46,5:39 AM,57,0.00,0.0
2018-04-23,64,11:39 AM,45,4:04 AM,55,0.00,0.0
2018-04-24,63,5:25 AM,48,11:59 PM,56,0.20,0.0
2018-04-25,63,3:15 PM,41,11:57 PM,52,0.00,0.0
2018-04-26,67,3:49 PM,35,4:25 AM,51,0.00,0.0
2018-04-27,70,4:26 PM,42,2:02 AM,56,0.00,0.0
2018-04-28,58,2:14 PM,37,11:59 PM,48,0.00,0.0
2018-04-29,64,4:05 PM,31,3:18 AM,48,0.00,0.0
2018-04-30,76,2:07 PM,36,3:44 AM,56,0.00,0.0
2018-05-01,83,1:32 PM,45,4:21 AM,64,0.00,0.0
2018-05-02,86,2:02 PM,63,5:32 AM,75,0.00,0.0
2018-05-03,74,11:34 AM,61,10:24 PM,68,0.63,0.0
2018-05-04,72,4:03 PM,54,11:59 PM,63,0.01,0.0
2018-05-05,80,3:21 PM,50,3:56 AM,65,0.00,0.0
2018-05-06,80,3:50 PM,53,4:50 AM,67,0.00,0.0
2018-05-07,76,4:00 PM,50,4:32 AM,63,0.0,0.0
2018-05-08,80,3:03 PM,51,4:07 AM,66,0.00,0.0
2018-05-09,82,2:56 PM,53,2:59 AM,68,0.00,0.0
2018-05-10,81,3:14 PM,55,3:50 AM,68,1.23,0.0
2018-05-11,85,3:44 PM,59,5:04 AM,72,0.00,0.0
2018-05-12,76,5:05 PM,58,7:45 AM,67,0.00,0.0
2018-05-13,85,2:22 PM,58,5:06 AM,72,0.00,0.0
2018-05-14,90,2:33 PM,63,4:30 AM,77,0.00,0.0
2018-05-15,77,10:48 AM,57,11:58 PM,67,0.06,0.0
2018-05-16,83,3:34 PM,57,12:41 AM,70,0.03,0.0
2018-05-17,84,3:07 PM,60,5:09 AM,72,0.00,0.0
2018-05-18,77,10:44 AM,62,12:13 AM,70,0.00,0.0
2018-05-19,85,2:44 PM,63,2:22 AM,74,0.04,0.0
2018-05-20,80,12:13 PM,58,11:48 PM,69,0.00,0.0
2018-05-21,77,2:36 PM,58,12:01 AM,68,0.02,0.0
2018-05-22,83,1:59 PM,61,11:59 PM,72,0.02,0.0
2018-05-23,85,3:09 PM,55,4:53 AM,70,0.00,0.0
2018-05-24,87,4:07 PM,60,4:17 AM,74,0.00,0.0
2018-05-25,91,3:39 PM,60,4:46 AM,76,0.00,0.0
2018-05-26,89,4:19 PM,68,2:19 AM,79,0.35,0.0
2018-05-27,94,2:09 PM,67,4:30 AM,81,0.00,0.0
2018-05-28,96,3:22 PM,66,4:30 AM,81,0.00,0.0
2018-05-29,87,11:46 AM,69,10:23 PM,78,0.00,0.0
2018-05-31,90,1:16 PM,67,11:37 PM,79,0.95,0.0
2018-06-01,90,2:15 PM,61,11:58 PM,76,0.71,0.0
2018-06-02,85,4:42 PM,55,4:44 AM,70,0.00,0.0
2018-06-03,82,3:11 PM,61,11:11 PM,72,0.28,0.0
2018-06-04,79,3:30 PM,56,5:06 AM,68,0.00,0.0
2018-06-05,87,3:24 PM,56,11:57 PM,72,0.00,0.0
2018-06-06,83,4:17 PM,53,4:32 AM,68,0.00,0.0
2018-06-07,91,1:22 PM,64,4:31 AM,78,0.00,0.0
2018-06-08,87,1:59 PM,67,4:20 AM,77,0.00,0.0
2018-06-09,81,2:17 PM,66,8:50 AM,74,0.19,0.0
2018-06-10,79,12:52 PM,64,5:17 AM,72,1.15,0.0
2018-06-11,77,2:54 PM,65,2:01 AM,71,1.62,0.0
2018-06-12,84,3:38 PM,66,2:37 AM,75,1.47,0.0
2018-06-13,83,2:57 PM,63,11:58 PM,73,0.18,0.0
2018-06-14,82,2:11 PM,60,2:39 AM,71,0.00,0.0
2018-06-15,91,3:05 PM,65,2:35 AM,78,0.02,0.0
2018-06-16,92,2:37 PM,70,4:31 AM,81,0.00,0.0
2018-06-17,92,1:35 PM,71,4:37 AM,82,0.00,0.0
2018-06-18,92,1:24 PM,74,4:34 AM,83,0.00,0.0
2018-06-19,89,12:50 PM,70,9:52 PM,80,0.00,0.0
2018-06-20,87,3:34 PM,70,12:06 AM,79,0.87,0.0
2018-06-21,81,1:49 PM,64,11:59 PM,73,0.63,0.0
2018-06-22,76,11:08 AM,64,2:44 AM,70,0.68,0.0
2018-06-23,73,3:37 PM,63,12:56 AM,68,0.07,0.0
2018-06-24,82,2:30 PM,61,3:34 AM,72,0.0,0.0
2018-06-25,83,2:30 PM,62,4:32 AM,73,0.00,0.0
2018-06-26,83,3:53 PM,68,11:59 PM,76,0.37,0.0
2018-06-27,84,4:58 PM,65,4:31 AM,75,0.02,0.0
2018-06-28,86,1:50 PM,66,4:29 AM,76,0.00,0.0
2018-06-29,91,3:11 PM,68,3:56 AM,80,0.00,0.0
2018-06-30,91,1:28 PM,72,11:58 PM,82,0.00,0.0
2018-07-01,91,3:10 PM,70,4:25 AM,81,0.00,0.0
2018-07-02,87,3:35 PM,70,4:30 AM,79,0.65,0.0
2018-07-03,92,1:55 PM,70,4:31 AM,81,0.00,0.0
2018-07-04,92,3:35 PM,71,4:33 AM,82,0.00,0.0
2018-07-05,91,12:00 PM,71,11:49 PM,81,0.00,0.0
2018-07-06,80,2:04 PM,61,11:59 PM,71,0.18,0.0
2018-07-07,81,3:23 PM,58,4:58 AM,70,0.00,0.0
2018-07-08,85,2:53 PM,58,4:51 AM,72,0.00,0.0
2018-07-09,89,2:05 PM,65,4:23 AM,77,0.00,0.0
2018-07-10,91,1:58 PM,70,11:57 PM,81,0.00,0.0
2018-07-11,86,2:48 PM,66,4:49 AM,76,0.13,0.0
2018-07-12,86,3:09 PM,64,4:30 AM,75,0.00,0.0
2018-07-13,89,3:13 PM,63,3:50 AM,76,0.00,0.0
2018-07-14,83,4:26 PM,67,4:04 AM,75,0.00,0.0
2018-07-15,84,1:38 PM,70,4:32 AM,77,0.95,0.0
2018-07-16,89,3:16 PM,71,4:34 AM,80,0.0,0.0
2018-07-17,85,3:45 PM,66,11:57 PM,76,0.00,0.0
2018-07-18,81,2:20 PM,62,4:08 AM,72,0.00,0.0
2018-07-19,85,1:34 PM,60,1:37 AM,73,0.00,0.0
2018-07-20,82,9:06 AM,68,3:15 AM,75,0.00,0.0
2018-07-21,80,3:15 PM,66,2:14 AM,73,0.00,0.0
2018-07-22,80,2:52 PM,66,11:57 PM,73,0.18,0.0
2018-07-23,83,2:58 PM,63,3:16 AM,73,0.38,0.0
2018-07-24,86,2:55 PM,64,5:01 AM,75,0.00,0.0
2018-07-25,84,1:53 PM,66,11:54 PM,75,0.00,0.0
2018-07-26,83,1:33 PM,63,3:36 AM,73,0.00,0.0
2018-07-27,79,3:14 PM,58,4:43 AM,69,0.00,0.0
2018-07-28,80,2:11 PM,57,4:58 AM,69,0.00,0.0
2018-07-29,67,3:54 PM,59,1:05 AM,63,0.01,0.0
2018-07-31,74,11:41 AM,61,11:57 PM,68,0.01,0.0
2018-08-01,82,3:35 PM,59,5:31 AM,71,0.00,0.0
2018-08-02,86,2:13 PM,60,3:54 AM,73,0.00,0.0
2018-08-03,88,3:03 PM,65,1:06 AM,77,0.00,0.0
2018-08-04,90,2:31 PM,67,3:06 AM,79,0.00,0.0
2018-08-05,91,2:25 PM,67,4:43 AM,79,0.00,0.0
2018-08-06,91,2:45 PM,69,4:57 AM,80,0.00,0.0
2018-08-07,80,10:29 AM,67,4:06 AM,74,0.09,0.0
2018-08-08,85,2:24 PM,68,11:56 AM,77,0.01,0.0
2018-08-09,88,3:40 PM,63,3:25 AM,76,0.00,0.0
2018-08-10,89,2:07 PM,68,5:03 AM,79,0.08,0.0
2018-08-11,86,1:17 PM,67,5:03 AM,77,0.00,0.0
2018-08-12,88,1:23 PM,63,4:41 AM,76,0.00,0.0
2018-08-13,88,2:26 PM,65,11:56 PM,77,0.00,0.0
2018-08-14,87,3:28 PM,61,4:53 AM,74,0.00,0.0
2018-08-15,78,11:44 AM,69,11:57 PM,74,0.0,0.0
2018-08-16,87,3:00 PM,69,12:06 AM,78,1.05,0.0
2018-08-17,83,2:43 PM,68,4:59 AM,76,0.80,0.0
2018-08-18,83,2:29 PM,67,4:33 AM,75,0.01,0.0
2018-08-19,87,1:22 PM,66,4:35 AM,77,0.00,0.0
2018-08-20,86,2:24 PM,68,6:59 PM,77,0.28,0.0
2018-08-21,76,11:20 AM,66,11:58 PM,71,1.08,0.0
2018-08-22,78,2:21 PM,59,11:58 PM,69,0.10,0.0
2018-08-23,80,3:07 PM,56,5:32 AM,68,0.00,0.0
2018-08-24,72,12:34 PM,59,1:32 AM,66,0.02,0.0
2018-08-25,87,3:44 PM,62,12:00 AM,75,0.33,0.0
2018-08-26,92,12:48 PM,73,5:25 AM,83,0.00,0.0
2018-08-27,92,2:16 PM,72,5:26 AM,82,0.00,0.0
2018-08-28,93,1:54 PM,72,3:04 AM,83,0.00,0.0
2018-08-29,79,4:04 PM,68,10:56 PM,74,0.30,0.0
2018-08-31,89,2:29 PM,60,3:02 AM,75,0.00,0.0
2018-09-01,88,4:03 PM,68,1:31 AM,78,0.00,0.0
2018-09-02,91,1:33 PM,68,4:43 AM,80,0.00,0.0
2018-09-03,93,12:00 PM,70,5:25 AM,82,0.00,0.0
2018-09-04,95,1:24 PM,68,5:17 AM,82,0.00,0.0
2018-09-05,95,2:18 PM,68,4:06 AM,82,0.00,0.0
2018-09-06,83,1:53 PM,69,11:55 PM,76,0.00,0.0
2018-09-07,71,10:49 AM,63,11:59 PM,67,1.56,0.0
2018-09-08,64,3:48 PM,59,5:20 AM,62,1.57,0.0
2018-09-09,71,1:37 PM,57,6:25 AM,64,0.36,0.0
2018-09-10,81,3:52 PM,56,6:02 AM,69,0.00,0.0
2018-09-11,82,2:33 PM,56,4:47 AM,69,0.00,0.0
2018-09-12,82,3:41 PM,53,5:19 AM,68,0.00,0.0
2018-09-13,85,5:08 PM,56,4:48 AM,71,0.00,0.0
2018-09-14,90,3:51 PM,61,5:20 AM,76,0.00,0.0
2018-09-15,89,2:26 PM,64,4:44 AM,77,0.00,0.0
2018-09-16,91,2:43 PM,67,5:35 AM,79,0.00,0.0
2018-09-17,94,3:18 PM,67,6:15 AM,81,0.00,0.0
2018-09-18,92,1:13 PM,66,5:35 AM,79,0.00,0.0
2018-09-19,93,2:38 PM,66,5:25 AM,80,0.00,0.0
2018-09-20,94,2:30 PM,67,5:25 AM,81,0.00,0.0
2018-09-21,81,12:04 PM,59,11:59 PM,70,0.01,0.0
2018-09-22,68,4:02 PM,51,11:59 PM,60,0.00,0.0
2018-09-23,79,2:38 PM,49,6:07 AM,64,0.00,0.0
2018-09-24,74,1:03 PM,59,2:11 AM,67,0.00,0.0
2018-09-25,85,2:08 PM,63,11:55 PM,74,0.16,0.0
2018-09-26,70,2:17 PM,52,6:36 AM,61,1.06,0.0
2018-09-27,71,3:42 PM,49,3:00 AM,60,0.00,0.0
2018-09-28,75,2:19 PM,48,6:22 AM,62,0.00,0.0
2018-09-29,58,3:43 PM,47,2:11 AM,53,0.00,0.0
2018-09-30,85,2:05 PM,53,5:53 AM,69,0.00,0.0
2018-10-31,65,12:24 AM,50,8:16 AM,58,0.50,0.0
2018-10-01,84,12:23 PM,55,5:30 AM,70,0.00,0.0
2018-10-02,81,2:46 PM,65,11:52 PM,73,0.00,0.0
2018-10-03,88,1:46 PM,64,5:04 AM,76,0.00,0.0
2018-10-04,77,12:02 AM,53,9:47 PM,65,0.00,0.0
2018-10-05,82,1:53 PM,52,2:08 AM,67,0.07,0.0
2018-10-06,87,11:40 AM,60,10:45 PM,74,0.01,0.0
2018-10-07,84,3:00 PM,58,5:41 AM,71,0.79,0.0
2018-10-10,75,1:38 PM,51,11:53 PM,63,0.03,0.0
2018-10-11,55,1:49 PM,39,11:59 PM,47,0.14,0.0
2018-10-12,41,12:00 PM,34,5:53 AM,38,0.00,0.0
2018-10-13,52,2:56 PM,34,2:02 AM,43,0.18,0.0
2018-10-14,62,12:17 PM,40,12:07 AM,51,0.00,0.0
2018-10-15,50,2:40 PM,32,11:57 PM,41,0.08,0.0
2018-10-16,58,2:28 PM,28,5:50 AM,43,0.00,0.0
2018-10-17,54,2:41 PM,38,11:57 PM,46,0.00,0.0
2018-10-18,61,4:10 PM,30,5:48 AM,46,0.00,0.0
2018-10-19,56,2:02 PM,35,12:15 AM,46,0.00,0.0
2018-10-20,59,12:53 PM,29,11:59 PM,44,0.02,0.0
2018-10-21,54,3:26 PM,25,5:51 AM,40,0.00,0.0
2018-10-22,68,2:51 PM,36,3:20 AM,52,0.00,0.0
2018-10-23,58,1:57 PM,35,11:55 PM,47,0.00,0.0
2018-10-24,56,1:57 PM,31,3:52 AM,44,0.00,0.0
2018-10-25,60,2:08 PM,38,4:40 AM,49,0.00,0.0
2018-10-26,48,2:57 PM,43,4:36 AM,46,0.25,0.0
2018-10-27,58,1:25 PM,38,11:54 PM,48,0.18,0.0
2018-10-28,60,12:05 PM,38,12:00 AM,49,0.04,0.0
2018-10-29,62,3:08 PM,34,6:17 AM,48,0.00,0.0
2018-10-30,75,1:42 PM,42,12:18 AM,59,0.00,0.0
2018-10-08,88,2:12 PM,63,5:37 AM,76,0.0,0.0
2018-11-01,50,12:00 AM,41,10:42 PM,46,0.58,0.0
2018-11-02,51,1:28 PM,35,6:48 AM,43,0.63,0.0
2018-11-03,55,12:34 PM,35,6:26 AM,45,0.0,0.0
2018-11-04,53,12:08 PM,44,11:36 PM,49,0.03,0.0
2018-11-05,53,10:50 PM,42,6:01 AM,48,0.35,0.0
2018-11-06,54,2:56 PM,37,11:55 PM,46,0.27,0.0
2018-11-07,45,1:49 PM,32,11:50 PM,39,0.00,0.0
2018-11-08,45,1:49 PM,30,6:13 AM,38,0.00,0.0
2018-11-09,36,1:59 PM,20,11:59 PM,28,0.31,0.2
2018-11-10,33,2:49 PM,17,6:30 AM,25,0.0,0.0
2018-11-11,44,2:11 PM,21,6:24 AM,33,0.00,0.0
2018-11-12,36,8:46 AM,26,11:49 PM,31,0.00,0.0
2018-11-13,28,1:40 PM,17,11:56 PM,23,0.02,0.2
2018-11-14,31,3:45 PM,15,1:21 AM,23,0.00,0.0
2018-11-15,32,1:18 PM,22,11:53 PM,27,0.38,2.6
2018-11-16,39,10:59 AM,23,12:00 AM,31,0.0,0.0
2018-11-17,38,1:54 PM,30,1:52 AM,34,0.00,0.0
2018-11-18,38,11:53 AM,34,11:59 PM,36,0.0,0.0
2018-11-19,40,1:40 PM,31,8:02 AM,36,0.0,0.0
2018-11-20,38,2:17 PM,26,7:04 AM,32,0.0,0.0
2018-11-21,44,2:26 PM,26,5:57 AM,35,0.00,0.0
2018-11-22,52,2:28 PM,27,6:19 AM,40,0.00,0.0
2018-11-23,50,1:54 PM,32,6:25 AM,41,0.00,0.0
2018-11-24,57,1:38 PM,38,10:17 PM,48,0.38,0.0
2018-11-25,54,2:14 PM,38,2:45 AM,46,0.00,0.0
2018-11-26,42,12:00 AM,22,9:45 PM,32,0.76,0.0
2018-11-27,23,1:21 PM,14,9:47 PM,19,0.0,0.3
2018-11-28,31,12:49 PM,15,6:43 AM,23,0.0,0.0
2018-11-29,43,1:05 PM,26,6:45 AM,35,0.00,0.0
2018-11-30,49,1:46 PM,29,4:51 AM,39,0.00,0.0
2018-12-01,58,1:21 PM,37,12:00 AM,48,0.74,0.0
2018-12-02,49,12:00 AM,36,11:52 PM,43,0.22,0.0
2018-12-03,36,12:21 AM,30,11:58 PM,33,0.07,0.0
2018-12-04,31,11:20 AM,27,11:56 PM,29,0.01,0.0
2018-12-05,35,2:10 PM,25,6:25 AM,30,0.01,0.3
2018-12-06,34,9:01 AM,18,11:56 PM,26,0.0,0.0
2018-12-07,29,1:13 PM,11,7:09 AM,20,0.09,1.3
2018-12-08,28,12:44 PM,14,7:15 AM,21,0.00,0.0
2018-12-09,33,1:35 PM,16,7:00 AM,25,0.00,0.0
2018-12-10,29,12:53 PM,13,7:43 AM,21,0.00,0.0
2018-12-11,41,1:49 PM,19,12:49 AM,30,0.00,0.0
2018-12-12,46,1:03 PM,28,10:30 PM,37,0.00,0.0
2018-12-13,44,11:31 PM,26,1:13 AM,35,0.00,0.0
2018-12-14,45,6:15 AM,37,11:25 AM,41,0.44,0.0
2018-12-15,43,2:30 PM,34,11:40 PM,39,0.0,0.0
2018-12-16,52,2:07 PM,27,7:15 AM,40,0.00,0.0
2018-12-17,43,1:44 PM,28,11:59 PM,36,0.00,0.0
2018-12-18,45,2:00 PM,24,6:32 AM,35,0.00,0.0
2018-12-19,50,2:49 PM,30,3:54 AM,40,0.00,0.0
2018-12-20,50,1:11 PM,37,11:49 PM,44,0.00,0.0
2018-12-21,37,12:00 AM,30,11:58 PM,34,0.08,0.0
2018-12-22,44,1:35 PM,28,7:09 AM,36,0.0,0.0
2018-12-23,41,2:18 PM,26,11:16 PM,34,0.00,0.0
2018-12-24,42,2:22 PM,20,7:14 AM,31,0.00,0.0
2018-12-25,49,1:16 PM,28,11:55 PM,39,0.0,0.0
2018-12-26,47,2:34 PM,27,6:29 AM,37,0.00,0.0
2018-12-27,52,4:24 PM,38,12:01 AM,45,0.29,0.0
2018-12-28,51,2:42 AM,27,11:54 PM,39,0.39,0.0
2018-12-29,29,1:49 PM,22,11:58 PM,26,0.00,0.0
2018-12-31,47,4:02 PM,34,12:00 AM,41,1.03,0.0
